2026-03-07 22:08:14: ✅ Serving built React frontend from client/dist
2026-03-07 22:08:14: 🚀 Server running on port 5000
2026-03-07 22:08:14: 📊 Financial News Dashboard API
2026-03-07 22:08:14: 🔑 API Key configured: Yes
2026-03-07 22:18:52: 🔑 API Key Manager initialized with 2 keys
2026-03-07 22:18:53: ✅ Fetched 125 data points for SPY
2026-03-07 22:18:53: ✅ Fetched 125 gold price points
2026-03-07 22:18:53: ✅ Fetched 125 data points for USO
2026-03-07 22:20:52: 📦 Returning cached gold data
2026-03-07 22:21:38: 📦 Returning cached gold data
2026-03-07 22:22:18: 📦 Returning cached gold data
2026-03-07 22:22:52: 📦 Returning cached gold data
2026-03-07 22:22:58: 🆓 Attempting FREE API sources (FMP, EconDB)...
2026-03-07 22:22:58: 🚀 Fetching from FREE APIs...
2026-03-07 22:22:58: ⚠️  NOTE: Most free economic calendar APIs are unavailable:
2026-03-07 22:22:58:    - FMP: Economic calendar is legacy-only (pre-Aug 2025 users)
2026-03-07 22:22:58:    - EconDB: Historical only, no forecasts
2026-03-07 22:22:58:    - Trading Economics: Requires $199/month API key
2026-03-07 22:22:58:    - Investing.com: Blocks automated access (403)
2026-03-07 22:22:58:    - ForexFactory: Blocks automated access
2026-03-07 22:22:58: 
2026-03-07 22:22:58: 📋 Using config file with manually entered values...
2026-03-07 22:22:58: 💡 TIP: For real-time automation, Trading Economics API ($199/mo) is recommended
2026-03-07 22:22:58: 📡 Trying EconDB (historical data only)...
2026-03-07 22:22:59: ⚠️  EconDB: Failed to fetch CPIUS
2026-03-07 22:22:59: ⚠️  EconDB: Failed to fetch UNRAUS
2026-03-07 22:22:59: ⚠️  EconDB: Failed to fetch PAYEMUS
2026-03-07 22:22:59: 📡 Trying Trading Economics public data...
2026-03-07 22:22:59: 📡 Fetching from Trading Economics public feed...
2026-03-07 22:23:01: ⚠️  Trading Economics requires HTML parsing (not implemented)
2026-03-07 22:23:01: ❌ All free APIs exhausted - using config file fallback
2026-03-07 22:23:01: ✓ Using verified config file data (Fair Economy 2026)
2026-03-07 22:23:01: ✓ Calendar ready: 3 indicators from Verified Config (Fair Economy)
2026-03-07 22:23:38: 📦 Returning cached gold data
2026-03-07 22:23:44: 📊 Building economic intelligence dashboard...
2026-03-07 22:23:44: 📊 Analyzing Non-Farm Payrolls (NFP) — fetching live from FRED...
2026-03-07 22:23:44: 📊 Analyzing CPI (m/m) — fetching live from FRED...
2026-03-07 22:23:44: 📊 Analyzing Unemployment Rate — fetching live from FRED...
2026-03-07 22:23:45: ✓ FRED: Fetched 11 observations for UNRATE
2026-03-07 22:23:45:   FRED UNRATE latest: 4.4% (date: 2026-02-01)
2026-03-07 22:23:46:   ⚠️  FRED lag detected for Unemployment: FRED=2026-02-01, BLS release=2026-03-06
2026-03-07 22:23:46:   ↳  Using config actual (4.1%) until FRED syncs
2026-03-07 22:23:46: ✅ Unemployment: 4.1% actual (FRED live) | 4% forecast | surprise 0.1%
2026-03-07 22:23:46: ✓ FRED: Fetched 13 observations for CPIAUCSL
2026-03-07 22:23:46:   FRED CPIAUCSL latest m/m: 0.2% (date: 2026-01-01)
2026-03-07 22:23:46:   ⚠️  FRED lag detected for CPI: FRED=2026-01-01, BLS release=2026-02-13
2026-03-07 22:23:46:   ↳  Using config actual (0.2%) until FRED syncs
2026-03-07 22:23:46: ✅ CPI: 0.2% actual (FRED live) | 0.3% forecast | surprise -0.1%
2026-03-07 22:23:46: ✓ FRED: Fetched 14 observations for PAYEMS
2026-03-07 22:23:46:   FRED PAYEMS latest actual: -92K (date: 2026-02-01)
2026-03-07 22:23:46:   ⚠️  FRED lag detected for NFP: FRED=2026-02-01, BLS release=2026-03-06
2026-03-07 22:23:46:   ↳  Using config actual (-92K) until FRED syncs
2026-03-07 22:23:46: ✅ NFP: -92K actual (FRED live) | 58K forecast | surprise -150K
2026-03-07 22:23:46: ✅ Economic Dashboard ready: Bullish for Gold
2026-03-07 22:24:53: ✅ Fetched 125 gold price points
2026-03-07 22:24:53: ✅ Fetched 125 data points for SPY
2026-03-07 22:24:53: ✅ Fetched 125 data points for USO
2026-03-07 22:25:38: 📦 Returning cached gold data
2026-03-07 22:26:52: 📦 Returning cached gold data
2026-03-07 22:27:38: 📦 Returning cached gold data
2026-03-07 22:28:45: ✓ Returning cached economic dashboard
2026-03-07 22:28:52: 📦 Returning cached gold data
2026-03-07 22:29:22: ✅ Serving built React frontend from client/dist
2026-03-07 22:29:22: 🚀 Server running on port 5000
2026-03-07 22:29:22: 📊 Financial News Dashboard API
2026-03-07 22:29:22: 🔑 API Key configured: Yes
2026-03-07 22:29:38: 🔑 API Key Manager initialized with 2 keys
2026-03-07 22:29:40: ✅ Fetched 125 data points for SPY
2026-03-07 22:29:40: ✅ Fetched 125 gold price points
2026-03-07 22:29:40: ✅ Fetched 125 data points for USO
2026-03-07 22:29:53: 📦 Returning cached gold data
2026-03-07 22:29:56: 📊 Building economic intelligence dashboard...
2026-03-07 22:29:56: 📊 Analyzing Non-Farm Payrolls (NFP) — fetching live from FRED...
2026-03-07 22:29:56: 📊 Analyzing CPI (m/m) — fetching live from FRED...
2026-03-07 22:29:56: 📊 Analyzing Unemployment Rate — fetching live from FRED...
2026-03-07 22:29:56: ✓ FRED: Fetched 11 observations for UNRATE
2026-03-07 22:29:56:   FRED UNRATE latest: 4.4% (date: 2026-02-01)
2026-03-07 22:29:56:   ⚠️  FRED lag detected for Unemployment: FRED=2026-02-01, BLS release=2026-03-06
2026-03-07 22:29:56:   ↳  Using config actual (4.1%) until FRED syncs
2026-03-07 22:29:56: ✅ Unemployment: 4.1% actual (FRED live) | 4% forecast | surprise 0.1%
2026-03-07 22:29:56: ✓ FRED: Fetched 13 observations for CPIAUCSL
2026-03-07 22:29:56:   FRED CPIAUCSL latest m/m: 0.2% (date: 2026-01-01)
2026-03-07 22:29:56:   ⚠️  FRED lag detected for CPI: FRED=2026-01-01, BLS release=2026-02-13
2026-03-07 22:29:56:   ↳  Using config actual (0.2%) until FRED syncs
2026-03-07 22:29:56: ✅ CPI: 0.2% actual (FRED live) | 0.3% forecast | surprise -0.1%
2026-03-07 22:29:56: ✓ FRED: Fetched 14 observations for PAYEMS
2026-03-07 22:29:56:   FRED PAYEMS latest actual: -92K (date: 2026-02-01)
2026-03-07 22:29:56:   ⚠️  FRED lag detected for NFP: FRED=2026-02-01, BLS release=2026-03-06
2026-03-07 22:29:56:   ↳  Using config actual (-92K) until FRED syncs
2026-03-07 22:29:56: ✅ NFP: -92K actual (FRED live) | 58K forecast | surprise -150K
2026-03-07 22:29:56: ✅ Economic Dashboard ready: Bullish for Gold
2026-03-07 22:30:16: 🆓 Attempting FREE API sources (FMP, EconDB)...
2026-03-07 22:30:16: 🚀 Fetching from FREE APIs...
2026-03-07 22:30:16: ⚠️  NOTE: Most free economic calendar APIs are unavailable:
2026-03-07 22:30:16:    - FMP: Economic calendar is legacy-only (pre-Aug 2025 users)
2026-03-07 22:30:16:    - EconDB: Historical only, no forecasts
2026-03-07 22:30:16:    - Trading Economics: Requires $199/month API key
2026-03-07 22:30:16:    - Investing.com: Blocks automated access (403)
2026-03-07 22:30:16:    - ForexFactory: Blocks automated access
2026-03-07 22:30:16: 
2026-03-07 22:30:16: 📋 Using config file with manually entered values...
2026-03-07 22:30:16: 💡 TIP: For real-time automation, Trading Economics API ($199/mo) is recommended
2026-03-07 22:30:16: 📡 Trying EconDB (historical data only)...
2026-03-07 22:30:17: ⚠️  EconDB: Failed to fetch CPIUS
2026-03-07 22:30:17: ⚠️  EconDB: Failed to fetch UNRAUS
2026-03-07 22:30:17: ⚠️  EconDB: Failed to fetch PAYEMUS
2026-03-07 22:30:17: 📡 Trying Trading Economics public data...
2026-03-07 22:30:17: 📡 Fetching from Trading Economics public feed...
2026-03-07 22:30:19: ⚠️  Trading Economics requires HTML parsing (not implemented)
2026-03-07 22:30:19: ❌ All free APIs exhausted - using config file fallback
2026-03-07 22:30:19: ✓ Using verified config file data (Fair Economy 2026)
2026-03-07 22:30:19: ✓ Calendar ready: 3 indicators from Verified Config (Fair Economy)
2026-03-07 22:30:36: ✅ Fetched 22 relevant articles
2026-03-07 22:30:52: 📦 Returning cached gold data
2026-03-07 22:31:08: 📦 Returning cached gold data
2026-03-07 22:31:10: ✓ Returning cached calendar data
2026-03-07 22:31:38: 📦 Returning cached gold data
2026-03-07 22:32:52: 📦 Returning cached gold data
2026-03-07 22:33:23: ✅ Serving built React frontend from client/dist
2026-03-07 22:33:23: 🚀 Server running on port 5000
2026-03-07 22:33:23: 📊 Financial News Dashboard API
2026-03-07 22:33:23: 🔑 API Key configured: Yes
2026-03-07 22:33:37: 🔑 API Key Manager initialized with 2 keys
2026-03-07 22:33:38: ✅ Fetched 125 data points for USO
2026-03-07 22:33:38: ✅ Fetched 125 gold price points
2026-03-07 22:33:38: ✅ Fetched 125 data points for SPY
2026-03-07 22:33:38: 📦 Returning cached gold data
2026-03-07 22:33:40: 🆓 Attempting FREE API sources (FMP, EconDB)...
2026-03-07 22:33:40: 🚀 Fetching from FREE APIs...
2026-03-07 22:33:40: ⚠️  NOTE: Most free economic calendar APIs are unavailable:
2026-03-07 22:33:40:    - FMP: Economic calendar is legacy-only (pre-Aug 2025 users)
2026-03-07 22:33:40:    - EconDB: Historical only, no forecasts
2026-03-07 22:33:40:    - Trading Economics: Requires $199/month API key
2026-03-07 22:33:40:    - Investing.com: Blocks automated access (403)
2026-03-07 22:33:40:    - ForexFactory: Blocks automated access
2026-03-07 22:33:40: 
2026-03-07 22:33:40: 📋 Using config file with manually entered values...
2026-03-07 22:33:40: 💡 TIP: For real-time automation, Trading Economics API ($199/mo) is recommended
2026-03-07 22:33:40: 📡 Trying EconDB (historical data only)...
2026-03-07 22:33:40: 📊 Building economic intelligence dashboard...
2026-03-07 22:33:40: 📊 Analyzing Non-Farm Payrolls (NFP) — fetching live from FRED...
2026-03-07 22:33:40: 📊 Analyzing CPI (m/m) — fetching live from FRED...
2026-03-07 22:33:40: 📊 Analyzing Unemployment Rate — fetching live from FRED...
2026-03-07 22:33:41: ⚠️  EconDB: Failed to fetch CPIUS
2026-03-07 22:33:41: ⚠️  EconDB: Failed to fetch UNRAUS
2026-03-07 22:33:42: ✓ FRED: Fetched 14 observations for PAYEMS
2026-03-07 22:33:42:   FRED PAYEMS latest actual: -92K (date: 2026-02-01)
2026-03-07 22:33:42:   ⚠️  FRED lag detected for NFP: FRED=2026-02-01, BLS release=2026-03-06
2026-03-07 22:33:42:   ↳  Using config actual (-92K) until FRED syncs
2026-03-07 22:33:42: ✅ NFP: -92K actual (FRED live) | 58K forecast | surprise -150K
2026-03-07 22:33:42: ⚠️  EconDB: Failed to fetch PAYEMUS
2026-03-07 22:33:42: 📡 Trying Trading Economics public data...
2026-03-07 22:33:42: 📡 Fetching from Trading Economics public feed...
2026-03-07 22:33:42: ✓ FRED: Fetched 11 observations for UNRATE
2026-03-07 22:33:42:   FRED UNRATE latest: 4.4% (date: 2026-02-01)
2026-03-07 22:33:42:   ⚠️  FRED lag detected for Unemployment: FRED=2026-02-01, BLS release=2026-03-06
2026-03-07 22:33:42:   ↳  Using config actual (4.1%) until FRED syncs
2026-03-07 22:33:42: ✅ Unemployment: 4.1% actual (FRED live) | 4% forecast | surprise 0.1%
2026-03-07 22:33:42: ✓ FRED: Fetched 13 observations for CPIAUCSL
2026-03-07 22:33:42:   FRED CPIAUCSL latest m/m: 0.2% (date: 2026-01-01)
2026-03-07 22:33:42:   ⚠️  FRED lag detected for CPI: FRED=2026-01-01, BLS release=2026-02-13
2026-03-07 22:33:42:   ↳  Using config actual (0.2%) until FRED syncs
2026-03-07 22:33:42: ✅ CPI: 0.2% actual (FRED live) | 0.3% forecast | surprise -0.1%
2026-03-07 22:33:42: ✅ Economic Dashboard ready: Bullish for Gold
2026-03-07 22:33:44: ⚠️  Trading Economics requires HTML parsing (not implemented)
2026-03-07 22:33:44: ❌ All free APIs exhausted - using config file fallback
2026-03-07 22:33:44: ✓ Using verified config file data (Fair Economy 2026)
2026-03-07 22:33:44: ✓ Calendar ready: 3 indicators from Verified Config (Fair Economy)
2026-03-07 22:33:56: 📦 Returning cached gold data
2026-03-07 22:34:52: 📦 Returning cached gold data
2026-03-07 22:35:38: 📦 Returning cached gold data
2026-03-07 22:35:57: 📦 Returning cached gold data
2026-03-07 22:36:52: 📦 Returning cached gold data
2026-03-07 22:37:38: 📦 Returning cached gold data
2026-03-07 22:37:57: 📦 Returning cached gold data
2026-03-07 22:38:53: ✅ Fetched 125 data points for USO
2026-03-07 22:38:54: ✅ Fetched 125 gold price points
2026-03-07 22:38:54: ✅ Fetched 125 data points for SPY
2026-03-07 22:39:38: 📦 Returning cached gold data
2026-03-07 22:39:57: 📦 Returning cached gold data
2026-03-07 22:40:52: 📦 Returning cached gold data
2026-03-07 22:41:38: 📦 Returning cached gold data
2026-03-07 22:41:50: ✅ Serving built React frontend from client/dist
2026-03-07 22:41:50: 🚀 Server running on port 5000
2026-03-07 22:41:50: 📊 Financial News Dashboard API
2026-03-07 22:41:50: 🔑 API Key configured: Yes
2026-03-07 22:41:57: 🔑 API Key Manager initialized with 2 keys
2026-03-07 22:41:59: ✅ Fetched 125 data points for USO
2026-03-07 22:41:59: ✅ Fetched 125 data points for SPY
2026-03-07 22:41:59: ✅ Fetched 125 gold price points
2026-03-07 22:42:29: ⚠️  Rate limit hit with key #1, rotating...
2026-03-07 22:42:29: ❌ API Key #1 hit rate limit (fail count: 1)
2026-03-07 22:42:29: 🔄 Rotating from Key #1 to Key #2
2026-03-07 22:42:29: 🔄 Retrying with next key (attempt 2/3)...
2026-03-07 22:42:29: ✅ Fetched 61 data points for SPY
2026-03-07 22:42:29: ✅ Fetched 61 data points for USO
2026-03-07 22:42:29: ✅ Fetched 61 data points for VIXY
2026-03-07 22:42:29: ✅ Fetched 61 data points for UUP
2026-03-07 22:42:29: ✅ Fetched 61 data points for GLD
2026-03-07 22:42:52: 📦 Returning cached gold data
2026-03-07 22:43:38: 📦 Returning cached gold data
2026-03-07 22:44:50: 🆓 Attempting FREE API sources (FMP, EconDB)...
2026-03-07 22:44:50: 🚀 Fetching from FREE APIs...
2026-03-07 22:44:50: ⚠️  NOTE: Most free economic calendar APIs are unavailable:
2026-03-07 22:44:50:    - FMP: Economic calendar is legacy-only (pre-Aug 2025 users)
2026-03-07 22:44:50:    - EconDB: Historical only, no forecasts
2026-03-07 22:44:50:    - Trading Economics: Requires $199/month API key
2026-03-07 22:44:50:    - Investing.com: Blocks automated access (403)
2026-03-07 22:44:50:    - ForexFactory: Blocks automated access
2026-03-07 22:44:50: 
2026-03-07 22:44:50: 📋 Using config file with manually entered values...
2026-03-07 22:44:50: 💡 TIP: For real-time automation, Trading Economics API ($199/mo) is recommended
2026-03-07 22:44:50: 📡 Trying EconDB (historical data only)...
2026-03-07 22:44:50: 📊 Building economic intelligence dashboard...
2026-03-07 22:44:50: 📊 Analyzing Non-Farm Payrolls (NFP) — fetching live from FRED...
2026-03-07 22:44:50: 📊 Analyzing CPI (m/m) — fetching live from FRED...
2026-03-07 22:44:50: 📊 Analyzing Unemployment Rate — fetching live from FRED...
2026-03-07 22:44:51: ✓ FRED: Fetched 14 observations for PAYEMS
2026-03-07 22:44:51:   FRED PAYEMS latest actual: -92K (date: 2026-02-01)
2026-03-07 22:44:51:   ⚠️  FRED lag detected for NFP: FRED=2026-02-01, BLS release=2026-03-06
2026-03-07 22:44:51:   ↳  Using config actual (-92K) until FRED syncs
2026-03-07 22:44:51: ✅ NFP: -92K actual (FRED live) | 58K forecast | surprise -150K
2026-03-07 22:44:51: ✓ FRED: Fetched 11 observations for UNRATE
2026-03-07 22:44:51:   FRED UNRATE latest: 4.4% (date: 2026-02-01)
2026-03-07 22:44:51:   ⚠️  FRED lag detected for Unemployment: FRED=2026-02-01, BLS release=2026-03-06
2026-03-07 22:44:51:   ↳  Using config actual (4.1%) until FRED syncs
2026-03-07 22:44:51: ✅ Unemployment: 4.1% actual (FRED live) | 4% forecast | surprise 0.1%
2026-03-07 22:44:51: ✓ FRED: Fetched 13 observations for CPIAUCSL
2026-03-07 22:44:51:   FRED CPIAUCSL latest m/m: 0.2% (date: 2026-01-01)
2026-03-07 22:44:51:   ⚠️  FRED lag detected for CPI: FRED=2026-01-01, BLS release=2026-02-13
2026-03-07 22:44:51:   ↳  Using config actual (0.2%) until FRED syncs
2026-03-07 22:44:51: ✅ CPI: 0.2% actual (FRED live) | 0.3% forecast | surprise -0.1%
2026-03-07 22:44:51: ✅ Economic Dashboard ready: Bullish for Gold
2026-03-07 22:44:51: ⚠️  EconDB: Failed to fetch CPIUS
2026-03-07 22:44:51: ⚠️  EconDB: Failed to fetch UNRAUS
2026-03-07 22:44:52: ⚠️  EconDB: Failed to fetch PAYEMUS
2026-03-07 22:44:52: 📡 Trying Trading Economics public data...
2026-03-07 22:44:52: 📡 Fetching from Trading Economics public feed...
2026-03-07 22:44:52: 📦 Returning cached gold data
2026-03-07 22:44:55: ⚠️  Trading Economics requires HTML parsing (not implemented)
2026-03-07 22:44:55: ❌ All free APIs exhausted - using config file fallback
2026-03-07 22:44:55: ✓ Using verified config file data (Fair Economy 2026)
2026-03-07 22:44:55: ✓ Calendar ready: 3 indicators from Verified Config (Fair Economy)
2026-03-07 22:44:57: ✓ Returning cached economic dashboard
2026-03-07 22:45:38: 📦 Returning cached gold data
2026-03-07 22:46:53: 📦 Returning cached gold data
2026-03-07 22:52:22: ✅ Serving built React frontend from client/dist
2026-03-07 22:52:22: 🚀 Server running on port 5000
2026-03-07 22:52:22: 📊 Financial News Dashboard API
2026-03-07 22:52:22: 🔑 API Key configured: Yes
2026-03-07 22:52:52: 🔑 API Key Manager initialized with 2 keys
2026-03-07 22:52:53: ✅ Fetched 125 gold price points
2026-03-07 22:52:53: ✅ Fetched 125 data points for USO
2026-03-07 22:52:53: ✅ Fetched 125 data points for SPY
2026-03-07 22:53:15: ✅ Fetched 61 gold price points
2026-03-07 22:53:15: ⚠️  Rate limit hit with key #1, rotating...
2026-03-07 22:53:15: ❌ API Key #1 hit rate limit (fail count: 1)
2026-03-07 22:53:15: 🔄 Rotating from Key #1 to Key #2
2026-03-07 22:53:15: 🔄 Retrying with next key (attempt 2/3)...
2026-03-07 22:53:15: ✅ Fetched 61 data points for SPY
2026-03-07 22:53:15: ✅ Fetched 61 data points for UUP
2026-03-07 22:53:15: ✅ Fetched 61 data points for USO
2026-03-07 22:53:15: ✅ Fetched 61 data points for TLT
2026-03-07 22:53:38: 📦 Returning cached gold data
2026-03-07 22:53:40: 📦 Returning cached gold data
2026-03-07 22:54:11: 📦 Returning cached gold data
2026-03-07 22:54:52: 📦 Returning cached gold data
2026-03-07 22:55:12: 🆓 Attempting FREE API sources (FMP, EconDB)...
2026-03-07 22:55:12: 🚀 Fetching from FREE APIs...
2026-03-07 22:55:12: ⚠️  NOTE: Most free economic calendar APIs are unavailable:
2026-03-07 22:55:12:    - FMP: Economic calendar is legacy-only (pre-Aug 2025 users)
2026-03-07 22:55:12:    - EconDB: Historical only, no forecasts
2026-03-07 22:55:12:    - Trading Economics: Requires $199/month API key
2026-03-07 22:55:12:    - Investing.com: Blocks automated access (403)
2026-03-07 22:55:12:    - ForexFactory: Blocks automated access
2026-03-07 22:55:12: 
2026-03-07 22:55:12: 📋 Using config file with manually entered values...
2026-03-07 22:55:12: 💡 TIP: For real-time automation, Trading Economics API ($199/mo) is recommended
2026-03-07 22:55:12: 📡 Trying EconDB (historical data only)...
2026-03-07 22:55:12: 📊 Building economic intelligence dashboard...
2026-03-07 22:55:12: 📊 Analyzing Non-Farm Payrolls (NFP) — fetching live from FRED...
2026-03-07 22:55:12: 📊 Analyzing CPI (m/m) — fetching live from FRED...
2026-03-07 22:55:12: 📊 Analyzing Unemployment Rate — fetching live from FRED...
2026-03-07 22:55:13: ⚠️  EconDB: Failed to fetch CPIUS
2026-03-07 22:55:13: ✓ FRED: Fetched 11 observations for UNRATE
2026-03-07 22:55:13:   FRED UNRATE latest: 4.4% (date: 2026-02-01)
2026-03-07 22:55:13:   ⚠️  FRED lag detected for Unemployment: FRED=2026-02-01, BLS release=2026-03-06
2026-03-07 22:55:13:   ↳  Using config actual (4.1%) until FRED syncs
2026-03-07 22:55:13: ✅ Unemployment: 4.1% actual (FRED live) | 4% forecast | surprise 0.1%
2026-03-07 22:55:13: ✓ FRED: Fetched 14 observations for PAYEMS
2026-03-07 22:55:13:   FRED PAYEMS latest actual: -92K (date: 2026-02-01)
2026-03-07 22:55:13:   ⚠️  FRED lag detected for NFP: FRED=2026-02-01, BLS release=2026-03-06
2026-03-07 22:55:13:   ↳  Using config actual (-92K) until FRED syncs
2026-03-07 22:55:13: ✅ NFP: -92K actual (FRED live) | 58K forecast | surprise -150K
2026-03-07 22:55:13: ✓ FRED: Fetched 13 observations for CPIAUCSL
2026-03-07 22:55:13:   FRED CPIAUCSL latest m/m: 0.2% (date: 2026-01-01)
2026-03-07 22:55:13:   ⚠️  FRED lag detected for CPI: FRED=2026-01-01, BLS release=2026-02-13
2026-03-07 22:55:13:   ↳  Using config actual (0.2%) until FRED syncs
2026-03-07 22:55:13: ✅ CPI: 0.2% actual (FRED live) | 0.3% forecast | surprise -0.1%
2026-03-07 22:55:13: ✅ Economic Dashboard ready: Bullish for Gold
2026-03-07 22:55:13: ⚠️  EconDB: Failed to fetch UNRAUS
2026-03-07 22:55:13: ⚠️  EconDB: Failed to fetch PAYEMUS
2026-03-07 22:55:13: 📡 Trying Trading Economics public data...
2026-03-07 22:55:13: 📡 Fetching from Trading Economics public feed...
2026-03-07 22:55:21: ⚠️  Trading Economics requires HTML parsing (not implemented)
2026-03-07 22:55:21: ❌ All free APIs exhausted - using config file fallback
2026-03-07 22:55:21: ✓ Using verified config file data (Fair Economy 2026)
2026-03-07 22:55:21: ✓ Calendar ready: 3 indicators from Verified Config (Fair Economy)
2026-03-07 22:55:24: 📦 Returning cached gold data
2026-03-07 22:55:38: 📦 Returning cached gold data
2026-03-07 22:56:52: 📦 Returning cached gold data
2026-03-07 22:57:38: 📦 Returning cached gold data
2026-03-07 23:05:52: ✅ Serving built React frontend from client/dist
2026-03-07 23:05:52: 🚀 Server running on port 5000
2026-03-07 23:05:52: 📊 Financial News Dashboard API
2026-03-07 23:05:52: 🔑 API Key configured: Yes
2026-03-07 23:06:03: ✅ Gold spot (GC=F): $5158.7/oz
2026-03-07 23:06:19: 🔑 API Key Manager initialized with 2 keys
2026-03-07 23:06:21: ✅ Fetched 21 gold price points (Polygon)
2026-03-07 23:06:43: 📦 Returning cached gold data
2026-03-07 23:06:53: ✅ Fetched 125 data points for USO (Polygon)
2026-03-07 23:06:53: ✅ Fetched 125 gold price points (Polygon)
2026-03-07 23:06:53: ✅ Fetched 125 data points for SPY (Polygon)
2026-03-07 23:07:00: ✅ Fetched 21 data points for TLT (Polygon)
2026-03-07 23:07:01: ✅ Fetched 21 data points for UUP (Polygon)
2026-03-07 23:07:01: ✅ Fetched 21 data points for VIXY (Polygon)
2026-03-07 23:07:26: 📦 Returning cached gold data
2026-03-07 23:07:27: ✅ Fetched 251 gold price points (Polygon)
2026-03-07 23:07:38: 📦 Returning cached gold data
2026-03-07 23:08:17: ✅ Fetched 61 gold price points (Polygon)
2026-03-07 23:08:17: ✅ Fetched 61 data points for TLT (Polygon)
2026-03-07 23:08:17: ✅ Fetched 61 data points for UUP (Polygon)
2026-03-07 23:08:17: ✅ Fetched 61 data points for SPY (Polygon)
2026-03-07 23:08:17: ✅ Fetched 61 data points for USO (Polygon)
2026-03-07 23:08:17: ✅ Gold spot (GC=F): $5158.7/oz
2026-03-07 23:08:17: ⚠️  Rate limit hit with key #1, rotating...
2026-03-07 23:08:17: ❌ API Key #1 hit rate limit (fail count: 1)
2026-03-07 23:08:17: 🔄 Rotating from Key #1 to Key #2
2026-03-07 23:08:17: 🔄 Retrying with next key (attempt 2/3)...
2026-03-07 23:08:18: ✅ Yahoo Finance: 61 points for VIXY (3mo)
2026-03-07 23:08:29: 📦 Returning cached gold data
2026-03-07 23:08:31: ✅ Yahoo Finance: 251 points for VIXY (1y)
2026-03-07 23:08:32: ✅ Yahoo Finance: 251 points for UUP (1y)
2026-03-07 23:08:32: ✅ Yahoo Finance: 251 points for TLT (1y)
2026-03-07 23:08:32: ✅ Yahoo Finance: 251 points for USO (1y)
2026-03-07 23:08:32: ✅ Yahoo Finance: 251 points for SPY (1y)
2026-03-07 23:08:52: 📦 Returning cached gold data
2026-03-07 23:09:38: 📦 Returning cached gold data
2026-03-07 23:10:54: 📦 Returning cached gold data
2026-03-07 23:11:38: 📦 Returning cached gold data
2026-03-07 23:11:53: ✅ Yahoo Finance: 5 points for GLD (5d)
2026-03-07 23:11:54: ✅ Yahoo Finance: 5 points for UUP (5d)
2026-03-07 23:11:55: ✅ Yahoo Finance: 5 points for TLT (5d)
2026-03-07 23:11:56: ✅ Yahoo Finance: 5 points for SPY (5d)
2026-03-07 23:11:56: ✅ Yahoo Finance: 5 points for USO (5d)
2026-03-07 23:11:57: ✅ Yahoo Finance: 5 points for VIXY (5d)
2026-03-07 23:12:54: ✅ Yahoo Finance: 125 points for USO (6mo)
2026-03-07 23:12:54: ✅ Yahoo Finance: 125 points for GLD (6mo)
2026-03-07 23:12:54: ✅ Yahoo Finance: 125 points for SPY (6mo)
2026-03-07 23:13:38: 📦 Returning cached gold data
2026-03-07 23:14:52: 📦 Returning cached gold data
2026-03-07 23:15:39: 📦 Returning cached gold data
2026-03-07 23:16:52: 📦 Returning cached gold data
2026-03-07 23:17:39: 📦 Returning cached gold data
2026-03-07 23:18:55: ✅ Yahoo Finance: 125 points for USO (6mo)
2026-03-07 23:18:55: ✅ Yahoo Finance: 125 points for GLD (6mo)
2026-03-07 23:18:55: ✅ Yahoo Finance: 125 points for SPY (6mo)
2026-03-07 23:19:39: 📦 Returning cached gold data
2026-03-07 23:20:53: 📦 Returning cached gold data
2026-03-07 23:21:39: 📦 Returning cached gold data
2026-03-07 23:22:56: ✅ Serving built React frontend from client/dist
2026-03-07 23:22:56: 🚀 Server running on port 5000
2026-03-07 23:22:56: 📊 Financial News Dashboard API
2026-03-07 23:22:56: 🔑 API Key configured: Yes
2026-03-07 23:23:30: ✅ Yahoo Finance: 5 points for CL=F (5d)
2026-03-07 23:23:30: ✅ Yahoo Finance: 5 points for ^VIX (5d)
2026-03-07 23:23:30: ✅ Yahoo Finance: 5 points for DX-Y.NYB (5d)
2026-03-07 23:23:38: 🔑 API Key Manager initialized with 2 keys
2026-03-07 23:23:39: ✅ Fetched 125 gold price points (Polygon)
2026-03-07 23:23:40: ✅ Fetched 125 data points for SPY (Polygon)
2026-03-07 23:23:40: ✅ Fetched 125 data points for USO (Polygon)
2026-03-07 23:23:42: ✅ Yahoo Finance: 5 points for CL=F (5d)
2026-03-07 23:23:56: ✅ Yahoo Finance: 5 points for ^VIX (5d)
2026-03-07 23:23:57: ✅ Yahoo Finance: 5 points for DX-Y.NYB (5d)
2026-03-07 23:23:57: ✅ Gold spot (GC=F): $5158.7/oz
2026-03-07 23:24:52: 📦 Returning cached gold data
2026-03-07 23:24:54: ✅ Yahoo Finance: 61 points for DX-Y.NYB (3mo)
2026-03-07 23:24:54: ✅ Fetched 61 gold price points (Polygon)
2026-03-07 23:24:54: ✅ Yahoo Finance: 61 points for CL=F (3mo)
2026-03-07 23:24:54: ✅ Yahoo Finance: 61 points for ^VIX (3mo)
2026-03-07 23:24:54: ✅ Yahoo Finance: 61 points for SPY (3mo)
2026-03-07 23:24:55: ✅ Yahoo Finance: 61 points for TLT (3mo)
2026-03-07 23:25:38: 📦 Returning cached gold data
2026-03-07 23:26:52: 📦 Returning cached gold data
2026-03-07 23:27:06: 📊 Building economic intelligence dashboard...
2026-03-07 23:27:06: 📊 Analyzing Non-Farm Payrolls (NFP) — fetching live from FRED...
2026-03-07 23:27:06: 📊 Analyzing CPI (m/m) — fetching live from FRED...
2026-03-07 23:27:06: 📊 Analyzing Unemployment Rate — fetching live from FRED...
2026-03-07 23:27:08: ✓ FRED: Fetched 11 observations for UNRATE
2026-03-07 23:27:08:   FRED UNRATE latest: 4.4% (date: 2026-02-01)
2026-03-07 23:27:08:   ⚠️  FRED lag detected for Unemployment: FRED=2026-02-01, BLS release=2026-03-06
2026-03-07 23:27:08:   ↳  Using config actual (4.1%) until FRED syncs
2026-03-07 23:27:08: ✅ Unemployment: 4.1% actual (FRED live) | 4% forecast | surprise 0.1%
2026-03-07 23:27:08: ✓ FRED: Fetched 14 observations for PAYEMS
2026-03-07 23:27:08:   FRED PAYEMS latest actual: -92K (date: 2026-02-01)
2026-03-07 23:27:08:   ⚠️  FRED lag detected for NFP: FRED=2026-02-01, BLS release=2026-03-06
2026-03-07 23:27:08:   ↳  Using config actual (-92K) until FRED syncs
2026-03-07 23:27:08: ✅ NFP: -92K actual (FRED live) | 58K forecast | surprise -150K
2026-03-07 23:27:09: ✓ FRED: Fetched 13 observations for CPIAUCSL
2026-03-07 23:27:09:   FRED CPIAUCSL latest m/m: 0.2% (date: 2026-01-01)
2026-03-07 23:27:09:   ⚠️  FRED lag detected for CPI: FRED=2026-01-01, BLS release=2026-02-13
2026-03-07 23:27:09:   ↳  Using config actual (0.2%) until FRED syncs
2026-03-07 23:27:09: ✅ CPI: 0.2% actual (FRED live) | 0.3% forecast | surprise -0.1%
2026-03-07 23:27:09: ✅ Economic Dashboard ready: Bullish for Gold
2026-03-07 23:27:12: 📦 Returning cached gold data
2026-03-07 23:27:13: ✅ Gold spot (GC=F): $5158.7/oz
2026-03-07 23:27:38: 📦 Returning cached gold data
2026-03-07 23:28:53: ✅ Fetched 125 data points for SPY (Polygon)
2026-03-07 23:28:53: ✅ Fetched 125 gold price points (Polygon)
2026-03-07 23:28:53: ✅ Fetched 125 data points for USO (Polygon)
2026-03-07 23:29:38: 📦 Returning cached gold data
2026-03-07 23:30:52: 📦 Returning cached gold data
2026-03-07 23:31:39: 📦 Returning cached gold data
2026-03-07 23:32:52: 📦 Returning cached gold data
2026-03-07 23:33:38: 📦 Returning cached gold data
2026-03-07 23:34:53: ✅ Fetched 125 data points for SPY (Polygon)
2026-03-07 23:34:53: ✅ Fetched 125 gold price points (Polygon)
2026-03-07 23:34:53: ✅ Fetched 125 data points for USO (Polygon)
2026-03-07 23:35:38: 📦 Returning cached gold data
2026-03-07 23:36:52: 📦 Returning cached gold data
2026-03-07 23:37:27: ✅ Serving built React frontend from client/dist
2026-03-07 23:37:27: 🚀 Server running on port 5000
2026-03-07 23:37:27: 📊 Financial News Dashboard API
2026-03-07 23:37:27: 🔑 API Key configured: Yes
2026-03-07 23:37:38: 🔑 API Key Manager initialized with 2 keys
2026-03-07 23:37:40: ✅ Fetched 125 data points for USO (Polygon)
2026-03-07 23:37:40: ✅ Fetched 125 data points for SPY (Polygon)
2026-03-07 23:37:40: ✅ Fetched 125 gold price points (Polygon)
2026-03-07 23:38:01: ✅ Live prices fetched for 7 instruments
2026-03-07 23:38:35: ✅ Fetched 61 gold price points (Polygon)
2026-03-07 23:38:36: ✅ Yahoo Finance: 61 points for ^VIX (3mo)
2026-03-07 23:38:36: ✅ Yahoo Finance: 61 points for DX-Y.NYB (3mo)
2026-03-07 23:38:36: ✅ Live prices fetched for 7 instruments
2026-03-07 23:38:37: ✅ Yahoo Finance: 61 points for TLT (3mo)
2026-03-07 23:38:37: ✅ Yahoo Finance: 61 points for CL=F (3mo)
2026-03-07 23:38:37: ✅ Yahoo Finance: 61 points for SPY (3mo)
2026-03-07 23:38:46: ✅ Live prices fetched for 7 instruments
2026-03-07 23:38:52: 📦 Returning cached gold data
2026-03-07 23:38:56: ✅ Live prices fetched for 7 instruments
2026-03-07 23:39:06: ✅ Live prices fetched for 7 instruments
2026-03-07 23:39:16: ✅ Live prices fetched for 7 instruments
2026-03-07 23:39:27: ✅ Live prices fetched for 7 instruments
2026-03-07 23:39:37: 📊 Building economic intelligence dashboard...
2026-03-07 23:39:37: 📊 Analyzing Non-Farm Payrolls (NFP) — fetching live from FRED...
2026-03-07 23:39:37: 📊 Analyzing CPI (m/m) — fetching live from FRED...
2026-03-07 23:39:37: 📊 Analyzing Unemployment Rate — fetching live from FRED...
2026-03-07 23:39:38: 📦 Returning cached gold data
2026-03-07 23:39:39: ✓ FRED: Fetched 14 observations for PAYEMS
2026-03-07 23:39:39:   FRED PAYEMS latest actual: -92K (date: 2026-02-01)
2026-03-07 23:39:39:   ⚠️  FRED lag detected for NFP: FRED=2026-02-01, BLS release=2026-03-06
2026-03-07 23:39:39:   ↳  Using config actual (-92K) until FRED syncs
2026-03-07 23:39:39: ✅ NFP: -92K actual (FRED live) | 58K forecast | surprise -150K
2026-03-07 23:39:39: ✓ FRED: Fetched 11 observations for UNRATE
2026-03-07 23:39:39:   FRED UNRATE latest: 4.4% (date: 2026-02-01)
2026-03-07 23:39:39:   ⚠️  FRED lag detected for Unemployment: FRED=2026-02-01, BLS release=2026-03-06
2026-03-07 23:39:39:   ↳  Using config actual (4.1%) until FRED syncs
2026-03-07 23:39:39: ✅ Unemployment: 4.1% actual (FRED live) | 4% forecast | surprise 0.1%
2026-03-07 23:39:39: ✓ FRED: Fetched 13 observations for CPIAUCSL
2026-03-07 23:39:39:   FRED CPIAUCSL latest m/m: 0.2% (date: 2026-01-01)
2026-03-07 23:39:39:   ⚠️  FRED lag detected for CPI: FRED=2026-01-01, BLS release=2026-02-13
2026-03-07 23:39:39:   ↳  Using config actual (0.2%) until FRED syncs
2026-03-07 23:39:39: ✅ CPI: 0.2% actual (FRED live) | 0.3% forecast | surprise -0.1%
2026-03-07 23:39:39: ✅ Economic Dashboard ready: Bullish for Gold
2026-03-07 23:39:40: ✓ Returning cached economic dashboard
2026-03-07 23:39:40: 🆓 Attempting FREE API sources (FMP, EconDB)...
2026-03-07 23:39:40: 🚀 Fetching from FREE APIs...
2026-03-07 23:39:40: ⚠️  NOTE: Most free economic calendar APIs are unavailable:
2026-03-07 23:39:40:    - FMP: Economic calendar is legacy-only (pre-Aug 2025 users)
2026-03-07 23:39:40:    - EconDB: Historical only, no forecasts
2026-03-07 23:39:40:    - Trading Economics: Requires $199/month API key
2026-03-07 23:39:40:    - Investing.com: Blocks automated access (403)
2026-03-07 23:39:40:    - ForexFactory: Blocks automated access
2026-03-07 23:39:40: 
2026-03-07 23:39:40: 📋 Using config file with manually entered values...
2026-03-07 23:39:40: 💡 TIP: For real-time automation, Trading Economics API ($199/mo) is recommended
2026-03-07 23:39:40: 📡 Trying EconDB (historical data only)...
2026-03-07 23:39:41: ⚠️  EconDB: Failed to fetch CPIUS
2026-03-07 23:39:41: ⚠️  EconDB: Failed to fetch UNRAUS
2026-03-07 23:39:42: ⚠️  EconDB: Failed to fetch PAYEMUS
2026-03-07 23:39:42: 📡 Trying Trading Economics public data...
2026-03-07 23:39:42: 📡 Fetching from Trading Economics public feed...
2026-03-07 23:39:45: ⚠️  Trading Economics requires HTML parsing (not implemented)
2026-03-07 23:39:45: ❌ All free APIs exhausted - using config file fallback
2026-03-07 23:39:45: ✓ Using verified config file data (Fair Economy 2026)
2026-03-07 23:39:45: ✓ Calendar ready: 3 indicators from Verified Config (Fair Economy)
2026-03-07 23:40:52: 📦 Returning cached gold data
2026-03-07 23:41:38: 📦 Returning cached gold data
2026-03-07 23:42:53: ✅ Fetched 125 data points for SPY (Polygon)
2026-03-07 23:42:53: ✅ Fetched 125 gold price points (Polygon)
2026-03-07 23:42:53: ✅ Fetched 125 data points for USO (Polygon)
2026-03-07 23:43:38: 📦 Returning cached gold data
2026-03-07 23:44:52: 📦 Returning cached gold data
2026-03-07 23:44:55: ✅ Serving built React frontend from client/dist
2026-03-07 23:44:55: 🚀 Server running on port 5000
2026-03-07 23:44:55: 📊 Financial News Dashboard API
2026-03-07 23:44:55: 🔑 API Key configured: Yes
2026-03-07 23:44:58: 🆓 Attempting FREE API sources (FMP, EconDB)...
2026-03-07 23:44:58: 🚀 Fetching from FREE APIs...
2026-03-07 23:44:58: ⚠️  NOTE: Most free economic calendar APIs are unavailable:
2026-03-07 23:44:58:    - FMP: Economic calendar is legacy-only (pre-Aug 2025 users)
2026-03-07 23:44:58:    - EconDB: Historical only, no forecasts
2026-03-07 23:44:58:    - Trading Economics: Requires $199/month API key
2026-03-07 23:44:58:    - Investing.com: Blocks automated access (403)
2026-03-07 23:44:58:    - ForexFactory: Blocks automated access
2026-03-07 23:44:58: 
2026-03-07 23:44:58: 📋 Using config file with manually entered values...
2026-03-07 23:44:58: 💡 TIP: For real-time automation, Trading Economics API ($199/mo) is recommended
2026-03-07 23:44:58: 📡 Trying EconDB (historical data only)...
2026-03-07 23:44:59: ⚠️  EconDB: Failed to fetch CPIUS
2026-03-07 23:44:59: ⚠️  EconDB: Failed to fetch UNRAUS
2026-03-07 23:44:59: ⚠️  EconDB: Failed to fetch PAYEMUS
2026-03-07 23:44:59: 📡 Trying Trading Economics public data...
2026-03-07 23:44:59: 📡 Fetching from Trading Economics public feed...
2026-03-07 23:45:01: ⚠️  Trading Economics requires HTML parsing (not implemented)
2026-03-07 23:45:01: ❌ All free APIs exhausted - using config file fallback
2026-03-07 23:45:01: ✓ Using verified config file data (Fair Economy 2026)
2026-03-07 23:45:01: ✓ Calendar ready: 17 indicators from Verified Config (Fair Economy)
2026-03-07 23:45:22: ✓ Returning cached calendar data
2026-03-07 23:45:38: 🔑 API Key Manager initialized with 2 keys
2026-03-07 23:45:40: ✅ Fetched 125 data points for SPY (Polygon)
2026-03-07 23:45:40: ✅ Fetched 125 gold price points (Polygon)
2026-03-07 23:45:40: ✅ Fetched 125 data points for USO (Polygon)
2026-03-07 23:45:47: ⚠️  Rate limit hit with key #1, rotating...
2026-03-07 23:45:47: ❌ API Key #1 hit rate limit (fail count: 1)
2026-03-07 23:45:47: 🔄 Rotating from Key #1 to Key #2
2026-03-07 23:45:47: 🔄 Retrying with next key (attempt 2/3)...
2026-03-07 23:45:47: ✅ Yahoo Finance: 61 points for DX-Y.NYB (3mo)
2026-03-07 23:45:48: ✅ Yahoo Finance: 61 points for CL=F (3mo)
2026-03-07 23:45:48: ✅ Yahoo Finance: 61 points for ^VIX (3mo)
2026-03-07 23:45:48: ✅ Live prices fetched for 7 instruments
2026-03-07 23:45:48: ✅ Yahoo Finance: 61 points for GLD (3mo)
2026-03-07 23:45:48: ✅ Yahoo Finance: 61 points for SPY (3mo)
2026-03-07 23:45:48: ✅ Yahoo Finance: 61 points for TLT (3mo)
2026-03-07 23:45:50: ✓ Returning cached calendar data
2026-03-07 23:45:50: 📊 Building economic intelligence dashboard...
2026-03-07 23:45:50: 📊 Analyzing Non-Farm Payrolls (NFP) — fetching live from FRED...
2026-03-07 23:45:50: 📊 Analyzing CPI (m/m) — fetching live from FRED...
2026-03-07 23:45:50: 📊 Analyzing Unemployment Rate — fetching live from FRED...
2026-03-07 23:45:51: ✓ FRED: Fetched 14 observations for PAYEMS
2026-03-07 23:45:51:   FRED PAYEMS latest actual: -92K (date: 2026-02-01)
2026-03-07 23:45:51:   ⚠️  FRED lag detected for NFP: FRED=2026-02-01, BLS release=2026-03-06
2026-03-07 23:45:51:   ↳  Using config actual (-92K) until FRED syncs
2026-03-07 23:45:51: ✅ NFP: -92K actual (FRED live) | 58K forecast | surprise -150K
2026-03-07 23:45:51: ✓ FRED: Fetched 11 observations for UNRATE
2026-03-07 23:45:51:   FRED UNRATE latest: 4.4% (date: 2026-02-01)
2026-03-07 23:45:51:   ⚠️  FRED lag detected for Unemployment: FRED=2026-02-01, BLS release=2026-03-06
2026-03-07 23:45:51:   ↳  Using config actual (4.1%) until FRED syncs
2026-03-07 23:45:51: ✅ Unemployment: 4.1% actual (FRED live) | 4% forecast | surprise 0.1%
2026-03-07 23:45:51: ✓ FRED: Fetched 13 observations for CPIAUCSL
2026-03-07 23:45:51:   FRED CPIAUCSL latest m/m: 0.2% (date: 2026-01-01)
2026-03-07 23:45:51:   ⚠️  FRED lag detected for CPI: FRED=2026-01-01, BLS release=2026-02-13
2026-03-07 23:45:51:   ↳  Using config actual (0.2%) until FRED syncs
2026-03-07 23:45:51: ✅ CPI: 0.2% actual (FRED live) | 0.3% forecast | surprise -0.1%
2026-03-07 23:45:51: ✅ Economic Dashboard ready: Bullish for Gold
2026-03-07 23:45:56: ✓ Returning cached economic dashboard
2026-03-07 23:46:52: 📦 Returning cached gold data
2026-03-07 23:47:38: 📦 Returning cached gold data
2026-03-07 23:48:52: 📦 Returning cached gold data
2026-03-07 23:49:38: 📦 Returning cached gold data
2026-03-07 23:50:54: ✅ Yahoo Finance: 125 points for GLD (6mo)
2026-03-07 23:50:54: ✅ Yahoo Finance: 125 points for USO (6mo)
2026-03-07 23:50:54: ✅ Yahoo Finance: 125 points for SPY (6mo)
2026-03-07 23:50:57: ✓ Returning cached economic dashboard
2026-03-07 23:51:38: 📦 Returning cached gold data
2026-03-07 23:52:52: 📦 Returning cached gold data
2026-03-07 23:53:38: 📦 Returning cached gold data
2026-03-07 23:54:26: ✅ Serving built React frontend from client/dist
2026-03-07 23:54:26: 🚀 Server running on port 5000
2026-03-07 23:54:26: 📊 Financial News Dashboard API
2026-03-07 23:54:26: 🔑 API Key configured: Yes
2026-03-07 23:54:28: 📊 Building economic intelligence dashboard...
2026-03-07 23:54:28: 📊 Analyzing Non-Farm Payrolls (NFP) — fetching live from FRED...
2026-03-07 23:54:28: 📊 Analyzing CPI (m/m) — fetching live from FRED...
2026-03-07 23:54:28: 📊 Analyzing Unemployment Rate — fetching live from FRED...
2026-03-07 23:54:28: ✅ FedRate: 4.25% | forecast 4.25% | surprise 0
2026-03-07 23:54:28: 📊 Analyzing GDP q/q — fetching live from FRED A191RL1Q225SBEA...
2026-03-07 23:54:28: 📊 Analyzing Core PCE m/m — fetching live from FRED PCEPILFE...
2026-03-07 23:54:28: 📊 Analyzing Initial Jobless Claims — fetching live from FRED ICSA...
2026-03-07 23:54:28: 📊 Analyzing Retail Sales m/m — fetching live from FRED RSAFS...
2026-03-07 23:54:28: ✅ ISMManufacturing: 47.3 | forecast 49 | surprise -1.7
2026-03-07 23:54:28: ✅ ConsumerConf: 90.5 | forecast 98 | surprise -7.5
2026-03-07 23:54:29: ✓ FRED: Fetched 13 observations for CPIAUCSL
2026-03-07 23:54:29:   FRED CPIAUCSL latest m/m: 0.2% (date: 2026-01-01)
2026-03-07 23:54:29:   ⚠️  FRED lag detected for CPI: FRED=2026-01-01, BLS release=2026-02-13
2026-03-07 23:54:29:   ↳  Using config actual (0.2%) until FRED syncs
2026-03-07 23:54:29: ✅ CPI: 0.2% actual (FRED live) | 0.3% forecast | surprise -0.1%
2026-03-07 23:54:29: ✓ FRED: Fetched 14 observations for PCEPILFE
2026-03-07 23:54:29: ✅ Core PCE: 0.4% | forecast 0.3% | surprise 0.1%
2026-03-07 23:54:29: ✓ FRED: Fetched 14 observations for RSAFS
2026-03-07 23:54:29: ✅ Retail Sales: -0.4% | forecast -0.1% | surprise -0.3%
2026-03-07 23:54:29: ✓ FRED: Fetched 11 observations for UNRATE
2026-03-07 23:54:29:   FRED UNRATE latest: 4.4% (date: 2026-02-01)
2026-03-07 23:54:29:   ⚠️  FRED lag detected for Unemployment: FRED=2026-02-01, BLS release=2026-03-06
2026-03-07 23:54:29:   ↳  Using config actual (4.1%) until FRED syncs
2026-03-07 23:54:29: ✅ Unemployment: 4.1% actual (FRED live) | 4% forecast | surprise 0.1%
2026-03-07 23:54:29: ✓ FRED: Fetched 14 observations for PAYEMS
2026-03-07 23:54:29:   FRED PAYEMS latest actual: -92K (date: 2026-02-01)
2026-03-07 23:54:29:   ⚠️  FRED lag detected for NFP: FRED=2026-02-01, BLS release=2026-03-06
2026-03-07 23:54:29:   ↳  Using config actual (-92K) until FRED syncs
2026-03-07 23:54:29: ✅ NFP: -92K actual (FRED live) | 58K forecast | surprise -150K
2026-03-07 23:54:29: ✓ FRED: Fetched 8 observations for A191RL1Q225SBEA
2026-03-07 23:54:29: ✅ GDP: 1.2% | forecast 1.8% | surprise -0.6%
2026-03-07 23:54:29: ✓ FRED: Fetched 12 observations for ICSA
2026-03-07 23:54:29: ✅ Jobless Claims: 242K | forecast 225K | surprise 17K
2026-03-07 23:54:29: ✅ Economic Dashboard ready: Bullish for Gold
2026-03-07 23:54:40: ✓ Returning cached economic dashboard
2026-03-07 23:54:52: 🔑 API Key Manager initialized with 2 keys
2026-03-07 23:54:53: ✅ Fetched 125 data points for USO (Polygon)
2026-03-07 23:54:53: ✅ Fetched 125 data points for SPY (Polygon)
2026-03-07 23:54:53: ✅ Fetched 125 gold price points (Polygon)
2026-03-07 23:55:14: ✓ Returning cached economic dashboard
2026-03-07 23:55:38: 📦 Returning cached gold data
2026-03-07 23:55:51: ✅ Fetched 61 gold price points (Polygon)
2026-03-07 23:55:51: ✅ Yahoo Finance: 61 points for CL=F (3mo)
2026-03-07 23:55:51: ✅ Yahoo Finance: 61 points for DX-Y.NYB (3mo)
2026-03-07 23:55:51: ✅ Live prices fetched for 7 instruments
2026-03-07 23:55:52: ✅ Yahoo Finance: 61 points for ^VIX (3mo)
2026-03-07 23:55:52: ✅ Yahoo Finance: 61 points for TLT (3mo)
2026-03-07 23:55:52: ✅ Yahoo Finance: 61 points for SPY (3mo)
2026-03-07 23:56:01: ✅ Live prices fetched for 7 instruments
2026-03-07 23:56:04: ✓ Returning cached economic dashboard
2026-03-07 23:56:08: 🆓 Attempting FREE API sources (FMP, EconDB)...
2026-03-07 23:56:08: 🚀 Fetching from FREE APIs...
2026-03-07 23:56:08: ⚠️  NOTE: Most free economic calendar APIs are unavailable:
2026-03-07 23:56:08:    - FMP: Economic calendar is legacy-only (pre-Aug 2025 users)
2026-03-07 23:56:08:    - EconDB: Historical only, no forecasts
2026-03-07 23:56:08:    - Trading Economics: Requires $199/month API key
2026-03-07 23:56:08:    - Investing.com: Blocks automated access (403)
2026-03-07 23:56:08:    - ForexFactory: Blocks automated access
2026-03-07 23:56:08: 
2026-03-07 23:56:08: 📋 Using config file with manually entered values...
2026-03-07 23:56:08: 💡 TIP: For real-time automation, Trading Economics API ($199/mo) is recommended
2026-03-07 23:56:08: 📡 Trying EconDB (historical data only)...
2026-03-07 23:56:08: ✓ Returning cached economic dashboard
2026-03-07 23:56:09: ⚠️  EconDB: Failed to fetch CPIUS
2026-03-07 23:56:09: ⚠️  EconDB: Failed to fetch UNRAUS
2026-03-07 23:56:09: ⚠️  EconDB: Failed to fetch PAYEMUS
2026-03-07 23:56:09: 📡 Trying Trading Economics public data...
2026-03-07 23:56:09: 📡 Fetching from Trading Economics public feed...
2026-03-07 23:56:12: ⚠️  Trading Economics requires HTML parsing (not implemented)
2026-03-07 23:56:12: ❌ All free APIs exhausted - using config file fallback
2026-03-07 23:56:12: ✓ Using verified config file data (Fair Economy 2026)
2026-03-07 23:56:12: ✓ Calendar ready: 17 indicators from Verified Config (Fair Economy)
2026-03-07 23:56:49: ✓ Returning cached economic dashboard
2026-03-07 23:56:52: 📦 Returning cached gold data
2026-03-07 23:57:38: 📦 Returning cached gold data
2026-03-07 23:58:52: 📦 Returning cached gold data
2026-03-07 23:59:38: 📦 Returning cached gold data
2026-03-08 00:00:53: ✅ Fetched 125 data points for USO (Polygon)
2026-03-08 00:00:53: ✅ Fetched 125 data points for SPY (Polygon)
2026-03-08 00:00:53: ✅ Fetched 125 gold price points (Polygon)
2026-03-08 00:01:38: 📦 Returning cached gold data
2026-03-08 00:01:49: ✓ Returning cached economic dashboard
2026-03-08 00:02:52: 📦 Returning cached gold data
2026-03-08 00:03:42: 📦 Returning cached gold data
2026-03-08 00:04:52: 📦 Returning cached gold data
2026-03-08 00:05:38: 📦 Returning cached gold data
2026-03-08 00:06:49: ✓ Returning cached economic dashboard
2026-03-08 00:06:53: ✅ Fetched 125 gold price points (Polygon)
2026-03-08 00:06:53: ✅ Fetched 125 data points for USO (Polygon)
2026-03-08 00:06:53: ✅ Fetched 125 data points for SPY (Polygon)
2026-03-08 00:07:41: ✅ Serving built React frontend from client/dist
2026-03-08 00:07:41: 🚀 Server running on port 5000
2026-03-08 00:07:41: 📊 Financial News Dashboard API
2026-03-08 00:07:41: 🔑 API Key configured: Yes
2026-03-08 00:08:05: 🔑 API Key Manager initialized with 2 keys
2026-03-08 00:08:07: ✅ Fetched 61 gold price points (Polygon)
2026-03-08 00:08:07: ✅ Yahoo Finance: 61 points for DX-Y.NYB (3mo)
2026-03-08 00:08:07: ✅ Yahoo Finance: 61 points for CL=F (3mo)
2026-03-08 00:08:07: ✅ Live prices fetched for 7 instruments
2026-03-08 00:08:08: ✅ Yahoo Finance: 61 points for ^VIX (3mo)
2026-03-08 00:08:08: ✅ Yahoo Finance: 61 points for TLT (3mo)
2026-03-08 00:08:08: ✅ Yahoo Finance: 61 points for SPY (3mo)
2026-03-08 00:08:11: 📊 Building economic intelligence dashboard...
2026-03-08 00:08:11: 📊 Analyzing Non-Farm Payrolls (NFP) — fetching live from FRED...
2026-03-08 00:08:11: 📊 Analyzing CPI (m/m) — fetching live from FRED...
2026-03-08 00:08:11: 📊 Analyzing Unemployment Rate — fetching live from FRED...
2026-03-08 00:08:11: ✅ FedRate: 4.25% | forecast 4.25% | surprise 0
2026-03-08 00:08:11: 📊 Analyzing GDP q/q — fetching live from FRED A191RL1Q225SBEA...
2026-03-08 00:08:11: 📊 Analyzing Core PCE m/m — fetching live from FRED PCEPILFE...
2026-03-08 00:08:11: 📊 Analyzing Initial Jobless Claims — fetching live from FRED ICSA...
2026-03-08 00:08:11: 📊 Analyzing Retail Sales m/m — fetching live from FRED RSAFS...
2026-03-08 00:08:11: ✅ ISMManufacturing: 47.3 | forecast 49 | surprise -1.7
2026-03-08 00:08:11: ✅ ConsumerConf: 90.5 | forecast 98 | surprise -7.5
2026-03-08 00:08:12: ✓ FRED: Fetched 12 observations for ICSA
2026-03-08 00:08:12: ✅ Jobless Claims: 242K | forecast 225K | surprise 17K
2026-03-08 00:08:12: ✓ FRED: Fetched 13 observations for CPIAUCSL
2026-03-08 00:08:12:   FRED CPIAUCSL latest m/m: 0.2% (date: 2026-01-01)
2026-03-08 00:08:12:   ⚠️  FRED lag detected for CPI: FRED=2026-01-01, BLS release=2026-02-13
2026-03-08 00:08:12:   ↳  Using config actual (0.2%) until FRED syncs
2026-03-08 00:08:12: ✅ CPI: 0.2% actual (FRED live) | 0.3% forecast | surprise -0.1%
2026-03-08 00:08:12: ✓ FRED: Fetched 8 observations for A191RL1Q225SBEA
2026-03-08 00:08:12: ✅ GDP: 1.2% | forecast 1.8% | surprise -0.6%
2026-03-08 00:08:12: ✓ FRED: Fetched 14 observations for PCEPILFE
2026-03-08 00:08:12: ✅ Core PCE: 0.4% | forecast 0.3% | surprise 0.1%
2026-03-08 00:08:12: ✓ FRED: Fetched 14 observations for RSAFS
2026-03-08 00:08:12: ✅ Retail Sales: -0.4% | forecast -0.1% | surprise -0.3%
2026-03-08 00:08:12: ✓ FRED: Fetched 14 observations for PAYEMS
2026-03-08 00:08:12:   FRED PAYEMS latest actual: -92K (date: 2026-02-01)
2026-03-08 00:08:12:   ⚠️  FRED lag detected for NFP: FRED=2026-02-01, BLS release=2026-03-06
2026-03-08 00:08:12:   ↳  Using config actual (-92K) until FRED syncs
2026-03-08 00:08:12: ✅ NFP: -92K actual (FRED live) | 58K forecast | surprise -150K
2026-03-08 00:08:12: ✓ FRED: Fetched 11 observations for UNRATE
2026-03-08 00:08:12:   FRED UNRATE latest: 4.4% (date: 2026-02-01)
2026-03-08 00:08:12:   ⚠️  FRED lag detected for Unemployment: FRED=2026-02-01, BLS release=2026-03-06
2026-03-08 00:08:12:   ↳  Using config actual (4.1%) until FRED syncs
2026-03-08 00:08:12: ✅ Unemployment: 4.1% actual (FRED live) | 4% forecast | surprise 0.1%
2026-03-08 00:08:12: ✅ Economic Dashboard ready: Bullish for Gold
2026-03-08 00:08:53: ⚠️  Rate limit hit with key #1, rotating...
2026-03-08 00:08:53: ❌ API Key #1 hit rate limit (fail count: 1)
2026-03-08 00:08:53: 🔄 Rotating from Key #1 to Key #2
2026-03-08 00:08:53: 🔄 Retrying with next key (attempt 2/3)...
2026-03-08 00:08:53: ✅ Fetched 125 data points for SPY (Polygon)
2026-03-08 00:08:53: ✅ Fetched 125 data points for USO (Polygon)
2026-03-08 00:08:55: ✅ Yahoo Finance: 125 points for GLD (6mo)
2026-03-08 00:09:38: 📦 Returning cached gold data
2026-03-08 00:10:52: 📦 Returning cached gold data
2026-03-08 00:11:38: 📦 Returning cached gold data
2026-03-08 00:12:52: 📦 Returning cached gold data
2026-03-08 00:13:11: ✓ Returning cached economic dashboard
2026-03-08 00:13:38: 📦 Returning cached gold data
2026-03-08 00:14:55: ✅ Yahoo Finance: 125 points for USO (6mo)
2026-03-08 00:14:55: ✅ Yahoo Finance: 125 points for GLD (6mo)
2026-03-08 00:14:55: ✅ Yahoo Finance: 125 points for SPY (6mo)
2026-03-08 00:15:38: 📦 Returning cached gold data
2026-03-08 00:16:52: 📦 Returning cached gold data
2026-03-08 00:17:38: 📦 Returning cached gold data
2026-03-08 00:18:11: ✓ Returning cached economic dashboard
2026-03-08 00:18:52: 📦 Returning cached gold data
2026-03-08 00:19:38: 📦 Returning cached gold data
2026-03-08 00:19:48: ✅ Serving built React frontend from client/dist
2026-03-08 00:19:48: 🚀 Server running on port 5000
2026-03-08 00:19:48: 📊 Financial News Dashboard API
2026-03-08 00:19:48: 🔑 API Key configured: Yes
2026-03-08 00:20:14: 🔑 API Key Manager initialized with 2 keys
2026-03-08 00:20:15: ✅ Fetched 61 gold price points (Polygon)
2026-03-08 00:20:15: ✅ Yahoo Finance: 61 points for CL=F (3mo)
2026-03-08 00:20:15: ✅ Yahoo Finance: 61 points for DX-Y.NYB (3mo)
2026-03-08 00:20:16: ✅ Live prices fetched for 7 instruments
2026-03-08 00:20:17: ✅ Yahoo Finance: 61 points for ^VIX (3mo)
2026-03-08 00:20:17: ✅ Yahoo Finance: 61 points for TLT (3mo)
2026-03-08 00:20:17: ✅ Yahoo Finance: 61 points for SPY (3mo)
2026-03-08 00:20:19: 📊 Building economic intelligence dashboard...
2026-03-08 00:20:19: 📊 Analyzing Non-Farm Payrolls (NFP) — fetching live from FRED...
2026-03-08 00:20:19: 📊 Analyzing CPI (m/m) — fetching live from FRED...
2026-03-08 00:20:19: 📊 Analyzing Unemployment Rate — fetching live from FRED...
2026-03-08 00:20:19: ✅ FedRate: 4.25% | forecast 4.25% | surprise 0
2026-03-08 00:20:19: 📊 Analyzing GDP q/q — fetching live from FRED A191RL1Q225SBEA...
2026-03-08 00:20:19: 📊 Analyzing Core PCE m/m — fetching live from FRED PCEPILFE...
2026-03-08 00:20:19: 📊 Analyzing Initial Jobless Claims — fetching live from FRED ICSA...
2026-03-08 00:20:19: 📊 Analyzing Retail Sales m/m — fetching live from FRED RSAFS...
2026-03-08 00:20:19: ✅ ISMManufacturing: 47.3 | forecast 49 | surprise -1.7
2026-03-08 00:20:19: ✅ ConsumerConf: 90.5 | forecast 98 | surprise -7.5
2026-03-08 00:20:19: ✓ FRED: Fetched 8 observations for A191RL1Q225SBEA
2026-03-08 00:20:19: ✅ GDP: 1.2% | forecast 1.8% | surprise -0.6%
2026-03-08 00:20:19: ✓ FRED: Fetched 11 observations for UNRATE
2026-03-08 00:20:19:   FRED UNRATE latest: 4.4% (date: 2026-02-01)
2026-03-08 00:20:19:   ⚠️  FRED lag detected for Unemployment: FRED=2026-02-01, BLS release=2026-03-06
2026-03-08 00:20:19:   ↳  Using config actual (4.1%) until FRED syncs
2026-03-08 00:20:19: ✅ Unemployment: 4.1% actual (FRED live) | 4% forecast | surprise 0.1%
2026-03-08 00:20:19: ✓ FRED: Fetched 14 observations for PCEPILFE
2026-03-08 00:20:19: ✅ Core PCE: 0.4% | forecast 0.3% | surprise 0.1%
2026-03-08 00:20:19: ✓ FRED: Fetched 14 observations for PAYEMS
2026-03-08 00:20:19:   FRED PAYEMS latest actual: -92K (date: 2026-02-01)
2026-03-08 00:20:19:   ⚠️  FRED lag detected for NFP: FRED=2026-02-01, BLS release=2026-03-06
2026-03-08 00:20:19:   ↳  Using config actual (-92K) until FRED syncs
2026-03-08 00:20:19: ✅ NFP: -92K actual (FRED live) | 58K forecast | surprise -150K
2026-03-08 00:20:19: ✓ FRED: Fetched 14 observations for RSAFS
2026-03-08 00:20:19: ✅ Retail Sales: -0.4% | forecast -0.1% | surprise -0.3%
2026-03-08 00:20:19: ✓ FRED: Fetched 13 observations for CPIAUCSL
2026-03-08 00:20:19:   FRED CPIAUCSL latest m/m: 0.2% (date: 2026-01-01)
2026-03-08 00:20:19:   ⚠️  FRED lag detected for CPI: FRED=2026-01-01, BLS release=2026-02-13
2026-03-08 00:20:19:   ↳  Using config actual (0.2%) until FRED syncs
2026-03-08 00:20:19: ✅ CPI: 0.2% actual (FRED live) | 0.3% forecast | surprise -0.1%
2026-03-08 00:20:19: ✓ FRED: Fetched 12 observations for ICSA
2026-03-08 00:20:19: ✅ Jobless Claims: 242K | forecast 225K | surprise 17K
2026-03-08 00:20:19: ✅ Economic Dashboard ready: Bullish for Gold
2026-03-08 00:20:53: ⚠️  Rate limit hit with key #1, rotating...
2026-03-08 00:20:53: ❌ API Key #1 hit rate limit (fail count: 1)
2026-03-08 00:20:53: 🔄 Rotating from Key #1 to Key #2
2026-03-08 00:20:53: 🔄 Retrying with next key (attempt 2/3)...
2026-03-08 00:20:53: ✅ Fetched 125 gold price points (Polygon)
2026-03-08 00:20:53: ✅ Fetched 125 data points for USO (Polygon)
2026-03-08 00:20:55: ✅ Yahoo Finance: 125 points for SPY (6mo)
2026-03-08 00:21:38: 📦 Returning cached gold data
2026-03-08 04:35:23: ✅ Serving built React frontend from client/dist
2026-03-08 04:35:23: 🚀 Server running on port 5000
2026-03-08 04:35:23: 📊 Financial News Dashboard API
2026-03-08 04:35:23: 🔑 API Key configured: Yes
2026-03-08 05:17:44: 🔑 API Key Manager initialized with 2 keys
2026-03-08 05:17:46: ✅ Yahoo Finance: 61 points for DX-Y.NYB (3mo)
2026-03-08 05:17:46: ✅ Fetched 61 gold price points (Polygon)
2026-03-08 05:17:46: ✅ Yahoo Finance: 61 points for CL=F (3mo)
2026-03-08 05:17:46: ✅ Yahoo Finance: 61 points for ^VIX (3mo)
2026-03-08 05:17:46: ✅ Yahoo Finance: 61 points for SPY (3mo)
2026-03-08 05:17:46: ✅ Yahoo Finance: 61 points for TLT (3mo)
2026-03-08 05:17:48: ✅ Live prices fetched for 7 instruments
2026-03-08 05:18:07: ✅ Live prices fetched for 7 instruments
2026-03-08 05:18:25: ✅ Live prices fetched for 7 instruments
2026-03-08 05:18:35: ✅ Live prices fetched for 7 instruments
2026-03-08 05:18:47: ✅ Live prices fetched for 7 instruments
2026-03-08 05:19:05: ✅ Live prices fetched for 7 instruments
2026-03-08 05:19:15: ✅ Live prices fetched for 7 instruments
2026-03-08 05:19:25: ✅ Live prices fetched for 7 instruments
2026-03-08 05:19:35: ✅ Live prices fetched for 7 instruments
2026-03-08 05:19:45: ✅ Live prices fetched for 7 instruments
2026-03-08 05:19:55: ✅ Live prices fetched for 7 instruments
2026-03-08 05:20:14: ✅ Live prices fetched for 7 instruments
2026-03-08 05:20:29: ✅ Live prices fetched for 7 instruments
2026-03-08 05:20:50: ✅ Live prices fetched for 7 instruments
2026-03-08 05:21:05: ✅ Live prices fetched for 7 instruments
2026-03-08 05:21:09: ✅ Fetched 26 relevant articles
2026-03-08 05:21:15: 📦 Returning cached gold data
2026-03-08 05:21:17: ✅ Live prices fetched for 7 instruments
2026-03-08 05:21:30: ✅ Live prices fetched for 7 instruments
2026-03-08 05:21:49: ✅ Live prices fetched for 7 instruments
2026-03-08 05:22:06: ✅ Live prices fetched for 7 instruments
2026-03-08 05:22:16: ✅ Live prices fetched for 7 instruments
2026-03-08 05:22:26: ✅ Live prices fetched for 7 instruments
2026-03-08 05:22:42: ✅ Live prices fetched for 7 instruments
2026-03-08 05:22:59: ✅ Live prices fetched for 7 instruments
2026-03-08 05:23:17: ✅ Live prices fetched for 7 instruments
2026-03-08 05:23:33: ✅ Live prices fetched for 7 instruments
2026-03-08 05:23:49: ✅ Live prices fetched for 7 instruments
2026-03-08 05:24:11: ✅ Live prices fetched for 7 instruments
2026-03-08 05:24:31: ✅ Live prices fetched for 7 instruments
2026-03-08 05:24:49: ✅ Live prices fetched for 7 instruments
2026-03-08 05:25:07: ✅ Live prices fetched for 7 instruments
2026-03-08 05:25:33: ✅ Live prices fetched for 7 instruments
2026-03-08 05:25:50: ✅ Live prices fetched for 7 instruments
2026-03-08 05:26:09: ✅ Live prices fetched for 7 instruments
2026-03-08 05:26:26: ✅ Live prices fetched for 7 instruments
2026-03-08 05:26:37: ✅ Live prices fetched for 7 instruments
2026-03-08 05:26:46: ✅ Live prices fetched for 7 instruments
2026-03-08 05:26:56: ✅ Live prices fetched for 7 instruments
2026-03-08 05:27:06: ✅ Live prices fetched for 7 instruments
2026-03-08 05:27:16: ✅ Live prices fetched for 7 instruments
2026-03-08 05:27:26: ✅ Live prices fetched for 7 instruments
2026-03-08 05:27:36: ✅ Live prices fetched for 7 instruments
2026-03-08 05:27:46: ✅ Live prices fetched for 7 instruments
2026-03-08 05:27:56: ✅ Live prices fetched for 7 instruments
2026-03-08 05:28:06: ✅ Live prices fetched for 7 instruments
2026-03-08 05:28:16: ✅ Live prices fetched for 7 instruments
2026-03-08 05:28:26: ✅ Live prices fetched for 7 instruments
2026-03-08 05:28:36: ✅ Live prices fetched for 7 instruments
2026-03-08 05:28:46: ✅ Live prices fetched for 7 instruments
2026-03-08 05:28:56: ✅ Fetched 61 gold price points (Polygon)
2026-03-08 05:28:56: ✅ Yahoo Finance: 61 points for DX-Y.NYB (3mo)
2026-03-08 05:28:56: ✅ Yahoo Finance: 61 points for CL=F (3mo)
2026-03-08 05:28:56: ✅ Live prices fetched for 7 instruments
2026-03-08 05:28:56: ✅ Live prices fetched for 7 instruments
2026-03-08 05:28:57: ✅ Yahoo Finance: 61 points for SPY (3mo)
2026-03-08 05:28:57: ✅ Yahoo Finance: 61 points for ^VIX (3mo)
2026-03-08 05:28:57: ✅ Yahoo Finance: 61 points for TLT (3mo)
2026-03-08 05:29:06: 📦 Returning cached gold data
2026-03-08 05:29:06: ✅ Live prices fetched for 7 instruments
2026-03-08 05:29:06: ✅ Live prices fetched for 7 instruments
2026-03-08 05:29:07: ✅ Live prices fetched for 7 instruments
2026-03-08 05:29:12: ✅ Fetched 26 relevant articles
2026-03-08 05:29:15: 📊 Building economic intelligence dashboard...
2026-03-08 05:29:15: 📊 Analyzing Non-Farm Payrolls (NFP) — fetching live from FRED...
2026-03-08 05:29:15: 📊 Analyzing CPI (m/m) — fetching live from FRED...
2026-03-08 05:29:15: 📊 Analyzing Unemployment Rate — fetching live from FRED...
2026-03-08 05:29:15: ✅ FedRate: 4.25% | forecast 4.25% | surprise 0
2026-03-08 05:29:15: 📊 Analyzing GDP q/q — fetching live from FRED A191RL1Q225SBEA...
2026-03-08 05:29:15: 📊 Analyzing Core PCE m/m — fetching live from FRED PCEPILFE...
2026-03-08 05:29:15: 📊 Analyzing Initial Jobless Claims — fetching live from FRED ICSA...
2026-03-08 05:29:15: 📊 Analyzing Retail Sales m/m — fetching live from FRED RSAFS...
2026-03-08 05:29:15: ✅ ISMManufacturing: 47.3 | forecast 49 | surprise -1.7
2026-03-08 05:29:15: ✅ ConsumerConf: 90.5 | forecast 98 | surprise -7.5
2026-03-08 05:29:16: ✓ FRED: Fetched 8 observations for A191RL1Q225SBEA
2026-03-08 05:29:16: ✅ GDP: 1.2% | forecast 1.8% | surprise -0.6%
2026-03-08 05:29:16: ✓ FRED: Fetched 13 observations for CPIAUCSL
2026-03-08 05:29:16:   FRED CPIAUCSL latest m/m: 0.2% (date: 2026-01-01)
2026-03-08 05:29:17:   ⚠️  FRED lag detected for CPI: FRED=2026-01-01, BLS release=2026-02-13
2026-03-08 05:29:17:   ↳  Using config actual (0.2%) until FRED syncs
2026-03-08 05:29:17: ✅ CPI: 0.2% actual (FRED live) | 0.3% forecast | surprise -0.1%
2026-03-08 05:29:17: ✓ FRED: Fetched 11 observations for UNRATE
2026-03-08 05:29:17:   FRED UNRATE latest: 4.4% (date: 2026-02-01)
2026-03-08 05:29:17:   ⚠️  FRED lag detected for Unemployment: FRED=2026-02-01, BLS release=2026-03-06
2026-03-08 05:29:17:   ↳  Using config actual (4.1%) until FRED syncs
2026-03-08 05:29:17: ✅ Unemployment: 4.1% actual (FRED live) | 4% forecast | surprise 0.1%
2026-03-08 05:29:17: ✓ FRED: Fetched 14 observations for PAYEMS
2026-03-08 05:29:17:   FRED PAYEMS latest actual: -92K (date: 2026-02-01)
2026-03-08 05:29:17:   ⚠️  FRED lag detected for NFP: FRED=2026-02-01, BLS release=2026-03-06
2026-03-08 05:29:17:   ↳  Using config actual (-92K) until FRED syncs
2026-03-08 05:29:17: ✅ NFP: -92K actual (FRED live) | 58K forecast | surprise -150K
2026-03-08 05:29:17: ✓ FRED: Fetched 14 observations for RSAFS
2026-03-08 05:29:17: ✅ Retail Sales: -0.4% | forecast -0.1% | surprise -0.3%
2026-03-08 05:29:17: ✓ FRED: Fetched 12 observations for ICSA
2026-03-08 05:29:17: ✅ Jobless Claims: 242K | forecast 225K | surprise 17K
2026-03-08 05:29:17: ✓ FRED: Fetched 14 observations for PCEPILFE
2026-03-08 05:29:17: ✅ Core PCE: 0.4% | forecast 0.3% | surprise 0.1%
2026-03-08 05:29:17: ✅ Economic Dashboard ready: Bullish for Gold
2026-03-08 05:29:17: ✅ Live prices fetched for 7 instruments
2026-03-08 05:29:31: ✓ Returning cached economic dashboard
2026-03-08 05:29:31: 🆓 Attempting FREE API sources (FMP, EconDB)...
2026-03-08 05:29:31: 🚀 Fetching from FREE APIs...
2026-03-08 05:29:31: ⚠️  NOTE: Most free economic calendar APIs are unavailable:
2026-03-08 05:29:31:    - FMP: Economic calendar is legacy-only (pre-Aug 2025 users)
2026-03-08 05:29:31:    - EconDB: Historical only, no forecasts
2026-03-08 05:29:31:    - Trading Economics: Requires $199/month API key
2026-03-08 05:29:31:    - Investing.com: Blocks automated access (403)
2026-03-08 05:29:31:    - ForexFactory: Blocks automated access
2026-03-08 05:29:31: 
2026-03-08 05:29:31: 📋 Using config file with manually entered values...
2026-03-08 05:29:31: 💡 TIP: For real-time automation, Trading Economics API ($199/mo) is recommended
2026-03-08 05:29:31: 📡 Trying EconDB (historical data only)...
2026-03-08 05:29:34: ⚠️  EconDB: Failed to fetch CPIUS
2026-03-08 05:29:34: ⚠️  EconDB: Failed to fetch UNRAUS
2026-03-08 05:29:35: ⚠️  EconDB: Failed to fetch PAYEMUS
2026-03-08 05:29:35: 📡 Trying Trading Economics public data...
2026-03-08 05:29:35: 📡 Fetching from Trading Economics public feed...
2026-03-08 05:29:36: ⚠️  Trading Economics requires HTML parsing (not implemented)
2026-03-08 05:29:36: ❌ All free APIs exhausted - using config file fallback
2026-03-08 05:29:36: ✓ Using verified config file data (Fair Economy 2026)
2026-03-08 05:29:36: ✓ Calendar ready: 17 indicators from Verified Config (Fair Economy)
2026-03-08 05:29:36: ✅ Live prices fetched for 7 instruments
2026-03-08 05:29:46: 📦 Returning cached gold data
2026-03-08 05:29:46: ✅ Live prices fetched for 7 instruments
2026-03-08 05:29:47: ✅ Live prices fetched for 7 instruments
2026-03-08 05:29:58: ✅ Live prices fetched for 7 instruments
2026-03-08 05:30:08: ✅ Live prices fetched for 7 instruments
2026-03-08 05:30:18: ✅ Live prices fetched for 7 instruments
2026-03-08 05:30:28: ✅ Live prices fetched for 7 instruments
2026-03-08 05:30:38: ✅ Live prices fetched for 7 instruments
2026-03-08 05:30:48: ✅ Live prices fetched for 7 instruments
2026-03-08 05:30:58: ✅ Live prices fetched for 7 instruments
2026-03-08 05:31:16: ✅ Live prices fetched for 7 instruments
2026-03-08 05:31:28: ✅ Live prices fetched for 7 instruments
2026-03-08 05:31:48: ✅ Live prices fetched for 7 instruments
2026-03-08 05:31:59: ✅ Live prices fetched for 7 instruments
2026-03-08 05:32:05: 📦 Returning cached gold data
2026-03-08 05:32:16: ✅ Live prices fetched for 7 instruments
2026-03-08 05:32:16: ✅ Live prices fetched for 7 instruments
2026-03-08 05:32:26: ✅ Live prices fetched for 7 instruments
2026-03-08 05:32:26: ✅ Live prices fetched for 7 instruments
2026-03-08 05:32:36: ✅ Live prices fetched for 7 instruments
2026-03-08 05:32:37: ✅ Live prices fetched for 7 instruments
2026-03-08 05:32:46: ✅ Live prices fetched for 7 instruments
2026-03-08 05:32:47: ✅ Live prices fetched for 7 instruments
2026-03-08 05:32:56: ✅ Live prices fetched for 7 instruments
2026-03-08 05:32:57: ✅ Live prices fetched for 7 instruments
2026-03-08 05:33:16: ✅ Live prices fetched for 7 instruments
2026-03-08 05:33:17: ✅ Live prices fetched for 7 instruments
2026-03-08 05:33:27: ✅ Live prices fetched for 7 instruments
2026-03-08 05:33:27: ✅ Live prices fetched for 7 instruments
2026-03-08 05:33:36: ✅ Live prices fetched for 7 instruments
2026-03-08 05:33:49: ✅ Live prices fetched for 7 instruments
2026-03-08 05:34:01: ✅ Fetched 61 gold price points (Polygon)
2026-03-08 05:34:01: ✅ Yahoo Finance: 61 points for DX-Y.NYB (3mo)
2026-03-08 05:34:01: ✅ Yahoo Finance: 61 points for CL=F (3mo)
2026-03-08 05:34:01: ✅ Live prices fetched for 7 instruments
2026-03-08 05:34:02: ✅ Yahoo Finance: 61 points for ^VIX (3mo)
2026-03-08 05:34:02: ✅ Yahoo Finance: 61 points for TLT (3mo)
2026-03-08 05:34:02: ✅ Yahoo Finance: 61 points for SPY (3mo)
2026-03-08 05:34:12: ✅ Live prices fetched for 7 instruments
2026-03-08 05:34:21: ✅ Live prices fetched for 7 instruments
2026-03-08 05:34:31: ✅ Live prices fetched for 7 instruments
2026-03-08 05:34:42: ✅ Live prices fetched for 7 instruments
2026-03-08 05:34:52: ✅ Live prices fetched for 7 instruments
2026-03-08 05:35:01: ✅ Live prices fetched for 7 instruments
2026-03-08 05:35:12: ✅ Live prices fetched for 7 instruments
2026-03-08 05:35:22: ✅ Live prices fetched for 7 instruments
2026-03-08 05:35:31: ✅ Live prices fetched for 7 instruments
2026-03-08 05:35:42: ✅ Live prices fetched for 7 instruments
2026-03-08 05:35:53: ✅ Live prices fetched for 7 instruments
2026-03-08 05:36:06: ✅ Live prices fetched for 7 instruments
2026-03-08 05:36:16: ✅ Live prices fetched for 7 instruments
2026-03-08 05:36:26: ✅ Live prices fetched for 7 instruments
2026-03-08 05:36:37: ✅ Live prices fetched for 7 instruments
2026-03-08 05:36:47: ✅ Live prices fetched for 7 instruments
2026-03-08 05:36:57: ✅ Live prices fetched for 7 instruments
2026-03-08 05:36:57: 📦 Returning cached gold data
2026-03-08 05:36:57: 📦 Returning cached gold data
2026-03-08 05:37:06: ✅ Live prices fetched for 7 instruments
2026-03-08 05:37:17: ✅ Live prices fetched for 7 instruments
2026-03-08 05:37:36: ✅ Live prices fetched for 7 instruments
2026-03-08 05:37:47: ✅ Live prices fetched for 7 instruments
2026-03-08 05:37:57: ✅ Live prices fetched for 7 instruments
2026-03-08 05:38:06: ✅ Live prices fetched for 7 instruments
2026-03-08 05:38:17: ✅ Live prices fetched for 7 instruments
2026-03-08 05:38:26: ✅ Live prices fetched for 7 instruments
2026-03-08 05:38:36: ✅ Live prices fetched for 7 instruments
2026-03-08 05:38:46: ✅ Live prices fetched for 7 instruments
2026-03-08 05:38:56: ✅ Live prices fetched for 7 instruments
2026-03-08 05:39:06: ✅ Live prices fetched for 7 instruments
2026-03-08 05:39:16: ✅ Live prices fetched for 7 instruments
2026-03-08 05:39:29: ✅ Live prices fetched for 7 instruments
2026-03-08 05:39:46: ✅ Live prices fetched for 7 instruments
2026-03-08 05:39:57: ✅ Live prices fetched for 7 instruments
2026-03-08 05:40:17: ✅ Live prices fetched for 7 instruments
2026-03-08 05:40:29: ✅ Live prices fetched for 7 instruments
2026-03-08 05:40:47: ✅ Live prices fetched for 7 instruments
2026-03-08 05:41:07: ✅ Live prices fetched for 7 instruments
2026-03-08 05:41:17: ✅ Live prices fetched for 7 instruments
2026-03-08 05:41:27: ✅ Live prices fetched for 7 instruments
2026-03-08 05:41:38: ✅ Live prices fetched for 7 instruments
2026-03-08 05:41:56: ✅ Live prices fetched for 7 instruments
2026-03-08 05:42:07: ✅ Live prices fetched for 7 instruments
2026-03-08 05:42:16: ✅ Live prices fetched for 7 instruments
2026-03-08 05:42:20: ✅ Yahoo Finance: 61 points for CL=F (3mo)
2026-03-08 05:42:20: ✅ Yahoo Finance: 61 points for DX-Y.NYB (3mo)
2026-03-08 05:42:20: ✅ Yahoo Finance: 61 points for ^VIX (3mo)
2026-03-08 05:42:21: ✅ Fetched 61 gold price points (Polygon)
2026-03-08 05:42:21: 📦 Returning cached gold data
2026-03-08 05:42:21: ✅ Yahoo Finance: 61 points for SPY (3mo)
2026-03-08 05:42:21: ✅ Yahoo Finance: 61 points for TLT (3mo)
2026-03-08 05:42:26: ✅ Live prices fetched for 7 instruments
2026-03-08 05:42:36: ✅ Live prices fetched for 7 instruments
2026-03-08 05:42:48: ✅ Live prices fetched for 7 instruments
2026-03-08 05:43:06: ✅ Live prices fetched for 7 instruments
2026-03-08 05:43:18: ✅ Live prices fetched for 7 instruments
2026-03-08 05:43:36: ✅ Live prices fetched for 7 instruments
2026-03-08 05:43:47: ✅ Live prices fetched for 7 instruments
2026-03-08 05:43:56: ✅ Live prices fetched for 7 instruments
2026-03-08 05:44:07: ✅ Live prices fetched for 7 instruments
2026-03-08 05:44:16: ✅ Live prices fetched for 7 instruments
2026-03-08 05:44:26: ✅ Live prices fetched for 7 instruments
2026-03-08 05:44:37: ✅ Live prices fetched for 7 instruments
2026-03-08 05:44:56: ✅ Live prices fetched for 7 instruments
2026-03-08 05:45:07: ✅ Live prices fetched for 7 instruments
2026-03-08 05:45:17: ✅ Live prices fetched for 7 instruments
2026-03-08 05:45:37: ✅ Live prices fetched for 7 instruments
2026-03-08 05:45:47: ✅ Live prices fetched for 7 instruments
2026-03-08 05:45:56: ✅ Live prices fetched for 7 instruments
2026-03-08 05:46:06: ✅ Live prices fetched for 7 instruments
2026-03-08 05:46:16: ✅ Live prices fetched for 7 instruments
2026-03-08 05:46:27: ✅ Live prices fetched for 7 instruments
2026-03-08 05:46:37: ✅ Live prices fetched for 7 instruments
2026-03-08 05:46:48: ✅ Live prices fetched for 7 instruments
2026-03-08 05:47:07: ✅ Live prices fetched for 7 instruments
2026-03-08 05:47:17: ✅ Live prices fetched for 7 instruments
2026-03-08 05:48:03: ✅ Live prices fetched for 7 instruments
2026-03-08 05:49:03: ✅ Live prices fetched for 7 instruments
2026-03-08 05:50:03: ✅ Live prices fetched for 7 instruments
2026-03-08 05:51:03: ✅ Live prices fetched for 7 instruments
2026-03-08 05:52:04: ✅ Live prices fetched for 7 instruments
2026-03-08 05:52:39: ✅ Live prices fetched for 7 instruments
2026-03-08 05:52:57: ✅ Live prices fetched for 7 instruments
2026-03-08 05:53:06: ✅ Live prices fetched for 7 instruments
2026-03-08 05:53:16: ✅ Live prices fetched for 7 instruments
2026-03-08 05:53:26: ✅ Live prices fetched for 7 instruments
2026-03-08 05:53:36: ✅ Live prices fetched for 7 instruments
2026-03-08 05:53:46: ✅ Live prices fetched for 7 instruments
2026-03-08 05:53:57: ✅ Live prices fetched for 7 instruments
2026-03-08 05:54:07: ✅ Live prices fetched for 7 instruments
2026-03-08 05:54:16: ✅ Live prices fetched for 7 instruments
2026-03-08 05:54:26: ✅ Live prices fetched for 7 instruments
2026-03-08 05:54:37: ✅ Live prices fetched for 7 instruments
2026-03-08 05:54:47: ✅ Live prices fetched for 7 instruments
2026-03-08 05:54:56: ✅ Live prices fetched for 7 instruments
2026-03-08 05:55:06: ✅ Live prices fetched for 7 instruments
2026-03-08 05:55:09: ✅ Yahoo Finance: 61 points for ^VIX (3mo)
2026-03-08 05:55:09: ✅ Yahoo Finance: 61 points for DX-Y.NYB (3mo)
2026-03-08 05:55:09: ✅ Yahoo Finance: 61 points for CL=F (3mo)
2026-03-08 05:55:10: ✅ Fetched 61 gold price points (Polygon)
2026-03-08 05:55:10: 📦 Returning cached gold data
2026-03-08 05:55:10: ✅ Yahoo Finance: 61 points for SPY (3mo)
2026-03-08 05:55:10: ✅ Yahoo Finance: 61 points for TLT (3mo)
2026-03-08 05:55:16: ✅ Live prices fetched for 7 instruments
2026-03-08 05:55:27: ✅ Live prices fetched for 7 instruments
2026-03-08 05:55:47: ✅ Live prices fetched for 7 instruments
2026-03-08 05:56:09: ✅ Live prices fetched for 7 instruments
2026-03-08 05:56:27: ✅ Live prices fetched for 7 instruments
2026-03-08 05:56:38: ✅ Live prices fetched for 7 instruments
2026-03-08 05:56:39: 📦 Returning cached gold data
2026-03-08 05:56:39: 📦 Returning cached gold data
2026-03-08 05:56:56: ✅ Live prices fetched for 7 instruments
2026-03-08 05:57:07: ✅ Live prices fetched for 7 instruments
2026-03-08 05:57:17: ✅ Live prices fetched for 7 instruments
2026-03-08 05:57:27: ✅ Live prices fetched for 7 instruments
2026-03-08 05:57:36: ✅ Live prices fetched for 7 instruments
2026-03-08 05:57:47: ✅ Live prices fetched for 7 instruments
2026-03-08 05:57:56: ✅ Live prices fetched for 7 instruments
2026-03-08 05:58:08: ✅ Live prices fetched for 7 instruments
2026-03-08 05:58:26: ✅ Live prices fetched for 7 instruments
2026-03-08 05:58:37: ✅ Live prices fetched for 7 instruments
2026-03-08 05:58:46: ✅ Live prices fetched for 7 instruments
2026-03-08 05:58:56: ✅ Live prices fetched for 7 instruments
2026-03-08 05:59:07: ✅ Live prices fetched for 7 instruments
2026-03-08 05:59:17: ✅ Live prices fetched for 7 instruments
2026-03-08 05:59:27: ✅ Live prices fetched for 7 instruments
2026-03-08 05:59:37: ✅ Live prices fetched for 7 instruments
2026-03-08 05:59:56: ✅ Live prices fetched for 7 instruments
2026-03-08 06:00:06: ✅ Live prices fetched for 7 instruments
2026-03-08 06:00:16: ✅ Live prices fetched for 7 instruments
2026-03-08 06:00:26: ✅ Live prices fetched for 7 instruments
2026-03-08 06:00:37: ✅ Live prices fetched for 7 instruments
2026-03-08 06:00:46: ✅ Live prices fetched for 7 instruments
2026-03-08 06:00:56: ✅ Live prices fetched for 7 instruments
2026-03-08 06:01:06: ✅ Live prices fetched for 7 instruments
2026-03-08 06:01:16: ✅ Live prices fetched for 7 instruments
2026-03-08 06:01:26: ✅ Live prices fetched for 7 instruments
2026-03-08 06:01:36: ✅ Live prices fetched for 7 instruments
2026-03-08 06:01:46: ✅ Live prices fetched for 7 instruments
2026-03-08 06:01:56: ✅ Live prices fetched for 7 instruments
2026-03-08 06:02:06: ✅ Live prices fetched for 7 instruments
2026-03-08 06:02:16: ✅ Live prices fetched for 7 instruments
2026-03-08 06:02:26: ✅ Live prices fetched for 7 instruments
2026-03-08 06:02:36: ✅ Live prices fetched for 7 instruments
2026-03-08 06:02:46: ✅ Live prices fetched for 7 instruments
2026-03-08 06:02:56: ✅ Live prices fetched for 7 instruments
2026-03-08 06:03:06: ✅ Live prices fetched for 7 instruments
2026-03-08 06:03:16: ✅ Live prices fetched for 7 instruments
2026-03-08 06:03:26: ✅ Live prices fetched for 7 instruments
2026-03-08 06:03:37: ✅ Live prices fetched for 7 instruments
2026-03-08 06:03:46: ✅ Live prices fetched for 7 instruments
2026-03-08 06:03:56: ✅ Live prices fetched for 7 instruments
2026-03-08 06:04:06: ✅ Live prices fetched for 7 instruments
2026-03-08 06:04:17: ✅ Live prices fetched for 7 instruments
2026-03-08 06:04:26: ✅ Live prices fetched for 7 instruments
2026-03-08 06:04:36: ✅ Live prices fetched for 7 instruments
2026-03-08 06:04:46: ✅ Live prices fetched for 7 instruments
2026-03-08 06:04:57: ✅ Live prices fetched for 7 instruments
2026-03-08 06:05:16: ✅ Live prices fetched for 7 instruments
2026-03-08 06:05:26: ✅ Live prices fetched for 7 instruments
2026-03-08 06:05:36: ✅ Live prices fetched for 7 instruments
2026-03-08 06:05:46: ✅ Live prices fetched for 7 instruments
2026-03-08 06:05:56: ✅ Live prices fetched for 7 instruments
2026-03-08 06:06:06: ✅ Live prices fetched for 7 instruments
2026-03-08 06:06:16: ✅ Live prices fetched for 7 instruments
2026-03-08 06:06:26: ✅ Live prices fetched for 7 instruments
2026-03-08 06:06:36: ✅ Live prices fetched for 7 instruments
2026-03-08 06:06:46: ✅ Live prices fetched for 7 instruments
2026-03-08 06:06:56: ✅ Live prices fetched for 7 instruments
2026-03-08 06:07:06: ✅ Live prices fetched for 7 instruments
2026-03-08 06:07:16: ✅ Live prices fetched for 7 instruments
2026-03-08 06:07:26: ✅ Live prices fetched for 7 instruments
2026-03-08 06:07:36: ✅ Live prices fetched for 7 instruments
2026-03-08 06:07:46: ✅ Live prices fetched for 7 instruments
2026-03-08 06:07:56: ✅ Live prices fetched for 7 instruments
2026-03-08 06:08:06: ✅ Live prices fetched for 7 instruments
2026-03-08 06:08:16: ✅ Live prices fetched for 7 instruments
2026-03-08 06:08:26: ✅ Live prices fetched for 7 instruments
2026-03-08 06:08:36: ✅ Live prices fetched for 7 instruments
2026-03-08 06:08:49: ✅ Live prices fetched for 7 instruments
2026-03-08 06:09:06: ✅ Live prices fetched for 7 instruments
2026-03-08 06:09:16: ✅ Live prices fetched for 7 instruments
2026-03-08 06:09:26: ✅ Live prices fetched for 7 instruments
2026-03-08 06:09:36: ✅ Live prices fetched for 7 instruments
2026-03-08 06:09:46: ✅ Live prices fetched for 7 instruments
2026-03-08 06:09:56: ✅ Live prices fetched for 7 instruments
2026-03-08 06:10:06: ✅ Live prices fetched for 7 instruments
2026-03-08 06:10:16: ✅ Live prices fetched for 7 instruments
2026-03-08 06:10:27: ✅ Live prices fetched for 7 instruments
2026-03-08 06:10:36: ✅ Live prices fetched for 7 instruments
2026-03-08 06:10:46: ✅ Live prices fetched for 7 instruments
2026-03-08 06:10:56: ✅ Live prices fetched for 7 instruments
2026-03-08 06:11:06: ✅ Live prices fetched for 7 instruments
2026-03-08 06:11:16: ✅ Live prices fetched for 7 instruments
2026-03-08 06:11:26: ✅ Live prices fetched for 7 instruments
2026-03-08 06:11:36: ✅ Live prices fetched for 7 instruments
2026-03-08 06:11:46: ✅ Live prices fetched for 7 instruments
2026-03-08 06:11:56: ✅ Live prices fetched for 7 instruments
2026-03-08 06:12:06: ✅ Live prices fetched for 7 instruments
2026-03-08 06:12:16: ✅ Live prices fetched for 7 instruments
2026-03-08 06:12:26: ✅ Live prices fetched for 7 instruments
2026-03-08 06:12:36: ✅ Live prices fetched for 7 instruments
2026-03-08 06:12:46: ✅ Live prices fetched for 7 instruments
2026-03-08 06:12:56: ✅ Live prices fetched for 7 instruments
2026-03-08 06:13:06: ✅ Live prices fetched for 7 instruments
2026-03-08 06:13:16: ✅ Live prices fetched for 7 instruments
2026-03-08 06:13:26: ✅ Live prices fetched for 7 instruments
2026-03-08 06:13:36: ✅ Live prices fetched for 7 instruments
2026-03-08 06:13:46: ✅ Live prices fetched for 7 instruments
2026-03-08 06:13:56: ✅ Live prices fetched for 7 instruments
2026-03-08 06:14:06: ✅ Live prices fetched for 7 instruments
2026-03-08 06:14:16: ✅ Live prices fetched for 7 instruments
2026-03-08 06:14:26: ✅ Live prices fetched for 7 instruments
2026-03-08 06:14:36: ✅ Live prices fetched for 7 instruments
2026-03-08 06:14:46: ✅ Live prices fetched for 7 instruments
2026-03-08 06:14:57: ✅ Live prices fetched for 7 instruments
2026-03-08 06:15:06: ✅ Live prices fetched for 7 instruments
2026-03-08 06:15:16: ✅ Live prices fetched for 7 instruments
2026-03-08 06:15:26: ✅ Live prices fetched for 7 instruments
2026-03-08 06:15:36: ✅ Live prices fetched for 7 instruments
2026-03-08 06:15:46: ✅ Live prices fetched for 7 instruments
2026-03-08 06:15:56: ✅ Live prices fetched for 7 instruments
2026-03-08 06:16:06: ✅ Live prices fetched for 7 instruments
2026-03-08 06:16:16: ✅ Live prices fetched for 7 instruments
2026-03-08 06:16:26: ✅ Live prices fetched for 7 instruments
2026-03-08 06:16:36: ✅ Live prices fetched for 7 instruments
2026-03-08 06:16:47: ✅ Live prices fetched for 7 instruments
2026-03-08 06:17:06: ✅ Live prices fetched for 7 instruments
2026-03-08 06:17:17: ✅ Live prices fetched for 7 instruments
2026-03-08 06:17:26: ✅ Live prices fetched for 7 instruments
2026-03-08 06:17:36: ✅ Live prices fetched for 7 instruments
2026-03-08 06:17:47: ✅ Live prices fetched for 7 instruments
2026-03-08 06:17:57: ✅ Live prices fetched for 7 instruments
2026-03-08 06:18:06: ✅ Live prices fetched for 7 instruments
2026-03-08 06:18:16: ✅ Live prices fetched for 7 instruments
2026-03-08 06:18:26: ✅ Live prices fetched for 7 instruments
2026-03-08 06:18:36: ✅ Live prices fetched for 7 instruments
2026-03-08 06:18:47: ✅ Live prices fetched for 7 instruments
2026-03-08 06:18:57: ✅ Live prices fetched for 7 instruments
2026-03-08 06:19:06: ✅ Live prices fetched for 7 instruments
2026-03-08 06:19:16: ✅ Live prices fetched for 7 instruments
2026-03-08 06:19:26: ✅ Live prices fetched for 7 instruments
2026-03-08 06:19:36: ✅ Live prices fetched for 7 instruments
2026-03-08 06:19:46: ✅ Live prices fetched for 7 instruments
2026-03-08 06:19:56: ✅ Live prices fetched for 7 instruments
2026-03-08 06:20:06: ✅ Live prices fetched for 7 instruments
2026-03-08 06:20:16: ✅ Live prices fetched for 7 instruments
2026-03-08 06:20:26: ✅ Live prices fetched for 7 instruments
2026-03-08 06:20:36: ✅ Live prices fetched for 7 instruments
2026-03-08 06:20:47: ✅ Live prices fetched for 7 instruments
2026-03-08 06:20:56: ✅ Live prices fetched for 7 instruments
2026-03-08 06:21:06: ✅ Live prices fetched for 7 instruments
2026-03-08 06:21:16: ✅ Live prices fetched for 7 instruments
2026-03-08 06:21:23: ✅ Yahoo Finance: 61 points for DX-Y.NYB (3mo)
2026-03-08 06:21:23: ✅ Fetched 61 gold price points (Polygon)
2026-03-08 06:21:23: 📦 Returning cached gold data
2026-03-08 06:21:24: ✅ Yahoo Finance: 61 points for CL=F (3mo)
2026-03-08 06:21:24: ✅ Yahoo Finance: 61 points for ^VIX (3mo)
2026-03-08 06:21:24: ✅ Yahoo Finance: 61 points for TLT (3mo)
2026-03-08 06:21:25: ✅ Yahoo Finance: 61 points for SPY (3mo)
2026-03-08 06:21:28: ✅ Live prices fetched for 7 instruments
2026-03-08 06:21:46: ✅ Live prices fetched for 7 instruments
2026-03-08 06:21:56: ✅ Live prices fetched for 7 instruments
2026-03-08 06:22:06: ✅ Live prices fetched for 7 instruments
2026-03-08 06:22:16: ✅ Live prices fetched for 7 instruments
2026-03-08 06:22:26: ✅ Live prices fetched for 7 instruments
2026-03-08 06:22:37: ✅ Live prices fetched for 7 instruments
2026-03-08 06:22:46: ✅ Live prices fetched for 7 instruments
2026-03-08 06:22:56: ✅ Live prices fetched for 7 instruments
2026-03-08 06:23:06: ✅ Live prices fetched for 7 instruments
2026-03-08 06:23:16: ✅ Live prices fetched for 7 instruments
2026-03-08 06:23:26: ✅ Live prices fetched for 7 instruments
2026-03-08 06:23:36: ✅ Live prices fetched for 7 instruments
2026-03-08 06:23:46: ✅ Live prices fetched for 7 instruments
2026-03-08 06:23:56: ✅ Live prices fetched for 7 instruments
2026-03-08 06:24:07: ✅ Live prices fetched for 7 instruments
2026-03-08 06:24:26: ✅ Live prices fetched for 7 instruments
2026-03-08 06:24:36: ✅ Live prices fetched for 7 instruments
2026-03-08 06:24:46: ✅ Live prices fetched for 7 instruments
2026-03-08 06:24:57: ✅ Live prices fetched for 7 instruments
2026-03-08 06:25:06: ✅ Live prices fetched for 7 instruments
2026-03-08 06:25:16: ✅ Live prices fetched for 7 instruments
2026-03-08 06:25:26: ✅ Live prices fetched for 7 instruments
2026-03-08 06:25:36: ✅ Live prices fetched for 7 instruments
2026-03-08 06:25:46: ✅ Live prices fetched for 7 instruments
2026-03-08 06:25:56: ✅ Live prices fetched for 7 instruments
2026-03-08 06:26:06: ✅ Live prices fetched for 7 instruments
2026-03-08 06:26:16: ✅ Live prices fetched for 7 instruments
2026-03-08 06:26:26: ✅ Live prices fetched for 7 instruments
2026-03-08 06:26:36: ✅ Live prices fetched for 7 instruments
2026-03-08 06:26:46: ✅ Live prices fetched for 7 instruments
2026-03-08 06:26:58: ✅ Live prices fetched for 7 instruments
2026-03-08 06:27:16: ✅ Live prices fetched for 7 instruments
2026-03-08 06:27:26: ✅ Live prices fetched for 7 instruments
2026-03-08 06:27:36: ✅ Live prices fetched for 7 instruments
2026-03-08 06:27:46: ✅ Live prices fetched for 7 instruments
2026-03-08 06:27:56: ✅ Live prices fetched for 7 instruments
2026-03-08 06:28:06: ✅ Live prices fetched for 7 instruments
2026-03-08 06:28:16: ✅ Live prices fetched for 7 instruments
2026-03-08 06:28:26: ✅ Live prices fetched for 7 instruments
2026-03-08 06:28:36: ✅ Live prices fetched for 7 instruments
2026-03-08 06:28:46: ✅ Live prices fetched for 7 instruments
2026-03-08 06:28:55: ✅ Fetched 61 gold price points (Polygon)
2026-03-08 06:28:55: 📦 Returning cached gold data
2026-03-08 06:28:55: ✅ Yahoo Finance: 61 points for DX-Y.NYB (3mo)
2026-03-08 06:28:55: ✅ Yahoo Finance: 61 points for CL=F (3mo)
2026-03-08 06:28:55: ✅ Yahoo Finance: 61 points for ^VIX (3mo)
2026-03-08 06:28:56: ✅ Yahoo Finance: 61 points for TLT (3mo)
2026-03-08 06:28:56: ✅ Yahoo Finance: 61 points for SPY (3mo)
2026-03-08 06:28:56: ✅ Live prices fetched for 7 instruments
2026-03-08 06:29:06: ✅ Live prices fetched for 7 instruments
2026-03-08 06:29:16: ✅ Live prices fetched for 7 instruments
2026-03-08 06:29:26: ✅ Live prices fetched for 7 instruments
2026-03-08 06:29:36: ✅ Live prices fetched for 7 instruments
2026-03-08 06:29:46: ✅ Live prices fetched for 7 instruments
2026-03-08 06:29:56: ✅ Live prices fetched for 7 instruments
2026-03-08 06:30:06: ✅ Live prices fetched for 7 instruments
2026-03-08 06:30:16: ✅ Live prices fetched for 7 instruments
2026-03-08 06:30:26: ✅ Live prices fetched for 7 instruments
2026-03-08 06:30:38: ✅ Live prices fetched for 7 instruments
2026-03-08 11:19:51: ✅ Live prices fetched for 7 instruments
2026-03-08 11:20:00: ✅ Live prices fetched for 7 instruments
2026-03-08 11:20:10: ✅ Live prices fetched for 7 instruments
2026-03-08 11:20:22: ✅ Live prices fetched for 7 instruments
2026-03-08 11:20:40: ✅ Live prices fetched for 7 instruments
2026-03-08 11:20:50: ✅ Live prices fetched for 7 instruments
2026-03-08 11:21:00: ✅ Live prices fetched for 7 instruments
2026-03-08 11:21:10: ✅ Live prices fetched for 7 instruments
2026-03-08 11:21:20: ✅ Live prices fetched for 7 instruments
2026-03-08 11:21:30: ✅ Live prices fetched for 7 instruments
2026-03-08 11:21:40: ✅ Live prices fetched for 7 instruments
2026-03-08 11:21:50: ✅ Live prices fetched for 7 instruments
2026-03-08 11:22:00: ✅ Live prices fetched for 7 instruments
2026-03-08 11:22:10: ✅ Live prices fetched for 7 instruments
2026-03-08 11:22:20: ✅ Live prices fetched for 7 instruments
2026-03-08 11:22:30: ✅ Live prices fetched for 7 instruments
2026-03-08 11:22:40: ✅ Live prices fetched for 7 instruments
2026-03-08 11:22:50: ✅ Live prices fetched for 7 instruments
2026-03-08 11:23:00: ✅ Live prices fetched for 7 instruments
2026-03-08 11:23:10: ✅ Live prices fetched for 7 instruments
2026-03-08 11:23:20: ✅ Live prices fetched for 7 instruments
2026-03-08 11:23:30: ✅ Live prices fetched for 7 instruments
2026-03-08 11:23:40: ✅ Live prices fetched for 7 instruments
2026-03-08 11:23:50: ✅ Live prices fetched for 7 instruments
2026-03-08 11:24:00: ✅ Live prices fetched for 7 instruments
2026-03-08 11:24:10: ✅ Live prices fetched for 7 instruments
2026-03-08 11:24:20: ✅ Live prices fetched for 7 instruments
2026-03-08 11:24:30: ✅ Live prices fetched for 7 instruments
2026-03-08 11:24:40: ✅ Live prices fetched for 7 instruments
2026-03-08 11:24:50: ✅ Live prices fetched for 7 instruments
2026-03-08 11:25:00: ✅ Live prices fetched for 7 instruments
2026-03-08 11:25:10: ✅ Live prices fetched for 7 instruments
2026-03-08 11:25:20: ✅ Live prices fetched for 7 instruments
2026-03-08 11:25:30: ✅ Live prices fetched for 7 instruments
2026-03-08 11:25:40: ✅ Live prices fetched for 7 instruments
2026-03-08 11:25:50: ✅ Live prices fetched for 7 instruments
2026-03-08 11:26:00: ✅ Live prices fetched for 7 instruments
2026-03-08 11:26:10: ✅ Live prices fetched for 7 instruments
2026-03-08 11:26:20: ✅ Live prices fetched for 7 instruments
2026-03-08 11:26:30: ✅ Live prices fetched for 7 instruments
2026-03-08 11:26:40: ✅ Live prices fetched for 7 instruments
2026-03-08 11:26:50: ✅ Live prices fetched for 7 instruments
2026-03-08 11:27:00: ✅ Live prices fetched for 7 instruments
2026-03-08 11:27:10: ✅ Live prices fetched for 7 instruments
2026-03-08 11:27:20: ✅ Live prices fetched for 7 instruments
2026-03-08 11:27:30: ✅ Live prices fetched for 7 instruments
2026-03-08 11:27:40: ✅ Live prices fetched for 7 instruments
2026-03-08 11:27:50: ✅ Live prices fetched for 7 instruments
2026-03-08 11:28:00: ✅ Live prices fetched for 7 instruments
2026-03-08 11:28:10: ✅ Live prices fetched for 7 instruments
2026-03-08 11:28:20: ✅ Live prices fetched for 7 instruments
2026-03-08 11:28:30: ✅ Live prices fetched for 7 instruments
2026-03-08 11:28:40: ✅ Live prices fetched for 7 instruments
2026-03-08 11:28:50: ✅ Live prices fetched for 7 instruments
2026-03-08 11:28:59: ✅ Live prices fetched for 7 instruments
2026-03-08 11:29:10: ✅ Live prices fetched for 7 instruments
2026-03-08 11:29:19: ✅ Live prices fetched for 7 instruments
2026-03-08 11:29:30: ✅ Live prices fetched for 7 instruments
2026-03-08 11:29:40: ✅ Live prices fetched for 7 instruments
2026-03-08 11:29:50: ✅ Live prices fetched for 7 instruments
2026-03-08 11:30:00: ✅ Live prices fetched for 7 instruments
2026-03-08 11:30:11: ✅ Live prices fetched for 7 instruments
2026-03-08 11:30:30: ✅ Live prices fetched for 7 instruments
2026-03-08 11:30:40: ✅ Live prices fetched for 7 instruments
2026-03-08 11:30:50: ✅ Live prices fetched for 7 instruments
2026-03-08 11:31:00: ✅ Live prices fetched for 7 instruments
2026-03-08 11:31:10: ✅ Live prices fetched for 7 instruments
2026-03-08 11:31:20: ✅ Live prices fetched for 7 instruments
2026-03-08 11:31:30: ✅ Live prices fetched for 7 instruments
2026-03-08 11:31:40: ✅ Live prices fetched for 7 instruments
2026-03-08 11:31:50: ✅ Live prices fetched for 7 instruments
2026-03-08 11:32:00: ✅ Live prices fetched for 7 instruments
2026-03-08 11:32:10: ✅ Live prices fetched for 7 instruments
2026-03-08 11:32:20: ✅ Live prices fetched for 7 instruments
2026-03-08 11:32:30: ✅ Live prices fetched for 7 instruments
2026-03-08 11:32:40: ✅ Live prices fetched for 7 instruments
2026-03-08 11:32:50: ✅ Live prices fetched for 7 instruments
2026-03-08 11:33:00: ✅ Live prices fetched for 7 instruments
2026-03-08 11:33:10: ✅ Live prices fetched for 7 instruments
2026-03-08 11:33:20: ✅ Live prices fetched for 7 instruments
2026-03-08 11:33:30: ✅ Live prices fetched for 7 instruments
2026-03-08 11:33:40: ✅ Live prices fetched for 7 instruments
2026-03-08 11:33:50: ✅ Live prices fetched for 7 instruments
2026-03-08 11:34:00: ✅ Live prices fetched for 7 instruments
2026-03-08 11:34:10: ✅ Live prices fetched for 7 instruments
2026-03-08 11:34:20: ✅ Live prices fetched for 7 instruments
2026-03-08 11:34:30: ✅ Live prices fetched for 7 instruments
2026-03-08 11:34:40: ✅ Live prices fetched for 7 instruments
2026-03-08 11:34:50: ✅ Live prices fetched for 7 instruments
2026-03-08 11:35:03: ✅ Live prices fetched for 7 instruments
2026-03-08 11:35:20: ✅ Live prices fetched for 7 instruments
2026-03-08 11:35:30: ✅ Live prices fetched for 7 instruments
2026-03-08 11:35:40: ✅ Live prices fetched for 7 instruments
2026-03-08 11:35:50: ✅ Live prices fetched for 7 instruments
2026-03-08 11:36:00: ✅ Live prices fetched for 7 instruments
2026-03-08 11:36:10: ✅ Live prices fetched for 7 instruments
2026-03-08 11:36:20: ✅ Live prices fetched for 7 instruments
2026-03-08 11:36:30: ✅ Live prices fetched for 7 instruments
2026-03-08 11:36:40: ✅ Live prices fetched for 7 instruments
2026-03-08 11:36:50: ✅ Live prices fetched for 7 instruments
2026-03-08 11:37:00: ✅ Live prices fetched for 7 instruments
2026-03-08 11:37:10: ✅ Live prices fetched for 7 instruments
2026-03-08 11:37:19: ✅ Live prices fetched for 7 instruments
2026-03-08 11:37:30: ✅ Live prices fetched for 7 instruments
2026-03-08 11:37:40: ✅ Live prices fetched for 7 instruments
2026-03-08 11:37:50: ✅ Live prices fetched for 7 instruments
2026-03-08 11:38:00: ✅ Live prices fetched for 7 instruments
2026-03-08 11:38:10: ✅ Live prices fetched for 7 instruments
2026-03-08 11:38:20: ✅ Live prices fetched for 7 instruments
2026-03-08 11:38:30: ✅ Live prices fetched for 7 instruments
2026-03-08 11:38:40: ✅ Live prices fetched for 7 instruments
2026-03-08 11:38:50: ✅ Live prices fetched for 7 instruments
2026-03-08 11:39:00: ✅ Live prices fetched for 7 instruments
2026-03-08 11:39:10: ✅ Live prices fetched for 7 instruments
2026-03-08 11:39:19: ✅ Live prices fetched for 7 instruments
2026-03-08 11:39:30: ✅ Live prices fetched for 7 instruments
2026-03-08 11:39:40: ✅ Live prices fetched for 7 instruments
2026-03-08 11:39:50: ✅ Live prices fetched for 7 instruments
2026-03-08 11:40:00: ✅ Live prices fetched for 7 instruments
2026-03-08 11:40:10: ✅ Live prices fetched for 7 instruments
2026-03-08 11:40:20: ✅ Live prices fetched for 7 instruments
2026-03-08 11:40:30: ✅ Live prices fetched for 7 instruments
2026-03-08 11:40:39: ✅ Live prices fetched for 7 instruments
2026-03-08 11:40:50: ✅ Live prices fetched for 7 instruments
2026-03-08 11:41:00: ✅ Live prices fetched for 7 instruments
2026-03-08 11:41:10: ✅ Live prices fetched for 7 instruments
2026-03-08 11:41:20: ✅ Live prices fetched for 7 instruments
2026-03-08 11:41:30: ✅ Live prices fetched for 7 instruments
2026-03-08 11:41:40: ✅ Live prices fetched for 7 instruments
2026-03-08 11:41:50: ✅ Live prices fetched for 7 instruments
2026-03-08 11:42:00: ✅ Live prices fetched for 7 instruments
2026-03-08 11:42:10: ✅ Live prices fetched for 7 instruments
2026-03-08 11:42:19: ✅ Live prices fetched for 7 instruments
2026-03-08 11:42:30: ✅ Live prices fetched for 7 instruments
2026-03-08 11:42:40: ✅ Live prices fetched for 7 instruments
2026-03-08 11:42:50: ✅ Live prices fetched for 7 instruments
2026-03-08 11:42:59: ✅ Live prices fetched for 7 instruments
2026-03-08 11:43:10: ✅ Live prices fetched for 7 instruments
2026-03-08 11:43:19: ✅ Live prices fetched for 7 instruments
2026-03-08 11:43:30: ✅ Live prices fetched for 7 instruments
2026-03-08 11:43:40: ✅ Live prices fetched for 7 instruments
2026-03-08 11:43:50: ✅ Live prices fetched for 7 instruments
2026-03-08 11:44:00: ✅ Live prices fetched for 7 instruments
2026-03-08 11:44:10: ✅ Live prices fetched for 7 instruments
2026-03-08 11:44:20: ✅ Live prices fetched for 7 instruments
2026-03-08 11:44:30: ✅ Live prices fetched for 7 instruments
2026-03-08 11:44:56: ✅ Live prices fetched for 7 instruments
2026-03-08 11:45:56: ✅ Live prices fetched for 7 instruments
2026-03-08 11:46:56: ✅ Live prices fetched for 7 instruments
2026-03-08 11:47:56: ✅ Live prices fetched for 7 instruments
2026-03-08 11:48:56: ✅ Live prices fetched for 7 instruments
2026-03-08 11:49:56: ✅ Live prices fetched for 7 instruments
2026-03-08 11:50:56: ✅ Live prices fetched for 7 instruments
2026-03-08 11:51:56: ✅ Live prices fetched for 7 instruments
2026-03-08 11:52:56: ✅ Live prices fetched for 7 instruments
2026-03-08 11:53:56: ✅ Live prices fetched for 7 instruments
2026-03-08 11:54:56: ✅ Live prices fetched for 7 instruments
2026-03-08 11:55:56: ✅ Live prices fetched for 7 instruments
2026-03-08 11:56:56: ✅ Live prices fetched for 7 instruments
2026-03-08 11:57:48: ✅ Fetched 61 gold price points (Polygon)
2026-03-08 11:57:48: ✅ Yahoo Finance: 61 points for DX-Y.NYB (3mo)
2026-03-08 11:57:48: ✅ Yahoo Finance: 61 points for CL=F (3mo)
2026-03-08 11:57:48: ✅ Live prices fetched for 7 instruments
2026-03-08 11:57:48: 📦 Returning cached gold data
2026-03-08 11:57:49: ✅ Yahoo Finance: 61 points for TLT (3mo)
2026-03-08 11:57:49: ✅ Yahoo Finance: 61 points for ^VIX (3mo)
2026-03-08 11:57:49: ✅ Yahoo Finance: 61 points for SPY (3mo)
2026-03-08 11:58:56: ✅ Live prices fetched for 7 instruments
2026-03-08 11:59:56: ✅ Live prices fetched for 7 instruments
2026-03-08 12:00:56: ✅ Live prices fetched for 7 instruments
2026-03-08 12:01:56: ✅ Live prices fetched for 7 instruments
2026-03-08 12:02:56: ✅ Live prices fetched for 7 instruments
2026-03-08 12:03:32: ✅ Live prices fetched for 7 instruments
2026-03-08 12:03:50: ✅ Live prices fetched for 7 instruments
2026-03-08 12:04:00: ✅ Live prices fetched for 7 instruments
2026-03-08 12:04:10: ✅ Live prices fetched for 7 instruments
2026-03-08 12:04:20: ✅ Live prices fetched for 7 instruments
2026-03-08 12:04:30: ✅ Live prices fetched for 7 instruments
2026-03-08 12:04:40: ✅ Live prices fetched for 7 instruments
2026-03-08 12:04:50: ✅ Live prices fetched for 7 instruments
2026-03-08 12:05:00: ✅ Live prices fetched for 7 instruments
2026-03-08 12:05:10: ✅ Live prices fetched for 7 instruments
2026-03-08 12:05:20: ✅ Live prices fetched for 7 instruments
2026-03-08 12:05:30: ✅ Live prices fetched for 7 instruments
2026-03-08 12:05:42: ✅ Live prices fetched for 7 instruments
2026-03-08 12:06:01: ✅ Live prices fetched for 7 instruments
2026-03-08 12:06:20: ✅ Live prices fetched for 7 instruments
2026-03-08 12:06:29: ✅ Live prices fetched for 7 instruments
2026-03-08 12:06:40: ✅ Live prices fetched for 7 instruments
2026-03-08 12:06:50: ✅ Live prices fetched for 7 instruments
2026-03-08 12:07:10: ✅ Live prices fetched for 7 instruments
2026-03-08 12:07:20: ✅ Live prices fetched for 7 instruments
2026-03-08 12:07:30: ✅ Live prices fetched for 7 instruments
2026-03-08 12:07:40: ✅ Live prices fetched for 7 instruments
2026-03-08 12:07:50: ✅ Live prices fetched for 7 instruments
2026-03-08 12:08:04: ✅ Live prices fetched for 7 instruments
2026-03-08 12:08:20: ✅ Live prices fetched for 7 instruments
2026-03-08 12:08:30: ✅ Live prices fetched for 7 instruments
2026-03-08 12:08:40: ✅ Live prices fetched for 7 instruments
2026-03-08 12:08:50: ✅ Live prices fetched for 7 instruments
2026-03-08 12:09:00: ✅ Live prices fetched for 7 instruments
2026-03-08 12:09:10: ✅ Live prices fetched for 7 instruments
2026-03-08 12:09:20: ✅ Live prices fetched for 7 instruments
2026-03-08 12:09:35: ✅ Live prices fetched for 7 instruments
2026-03-08 12:09:50: ✅ Live prices fetched for 7 instruments
2026-03-08 12:10:00: ✅ Live prices fetched for 7 instruments
2026-03-08 12:10:20: ✅ Live prices fetched for 7 instruments
2026-03-08 12:10:30: ✅ Live prices fetched for 7 instruments
2026-03-08 12:10:40: ✅ Live prices fetched for 7 instruments
2026-03-08 12:10:50: ✅ Live prices fetched for 7 instruments
2026-03-08 12:11:00: ✅ Live prices fetched for 7 instruments
2026-03-08 12:11:16: ✅ Live prices fetched for 7 instruments
2026-03-08 12:11:30: ✅ Live prices fetched for 7 instruments
2026-03-08 12:11:40: ✅ Live prices fetched for 7 instruments
2026-03-08 12:11:50: ✅ Live prices fetched for 7 instruments
2026-03-08 12:12:00: ✅ Live prices fetched for 7 instruments
2026-03-08 12:12:10: ✅ Live prices fetched for 7 instruments
2026-03-08 12:12:20: ✅ Live prices fetched for 7 instruments
2026-03-08 12:12:30: ✅ Live prices fetched for 7 instruments
2026-03-08 12:12:40: ✅ Live prices fetched for 7 instruments
2026-03-08 12:12:50: ✅ Live prices fetched for 7 instruments
2026-03-08 12:13:00: ✅ Live prices fetched for 7 instruments
2026-03-08 12:13:12: ✅ Live prices fetched for 7 instruments
2026-03-08 12:13:30: ✅ Live prices fetched for 7 instruments
2026-03-08 12:13:40: ✅ Live prices fetched for 7 instruments
2026-03-08 12:13:50: ✅ Live prices fetched for 7 instruments
2026-03-08 12:14:00: ✅ Live prices fetched for 7 instruments
2026-03-08 12:14:10: ✅ Live prices fetched for 7 instruments
2026-03-08 12:14:20: ✅ Live prices fetched for 7 instruments
2026-03-08 12:14:30: ✅ Live prices fetched for 7 instruments
2026-03-08 12:14:40: ✅ Live prices fetched for 7 instruments
2026-03-08 12:14:50: ✅ Live prices fetched for 7 instruments
2026-03-08 12:15:00: ✅ Live prices fetched for 7 instruments
2026-03-08 12:15:10: ✅ Live prices fetched for 7 instruments
2026-03-08 12:15:20: ✅ Live prices fetched for 7 instruments
2026-03-08 12:15:30: ✅ Live prices fetched for 7 instruments
2026-03-08 12:15:40: ✅ Live prices fetched for 7 instruments
2026-03-08 12:15:50: ✅ Live prices fetched for 7 instruments
2026-03-08 12:16:00: ✅ Live prices fetched for 7 instruments
2026-03-08 12:16:10: ✅ Live prices fetched for 7 instruments
2026-03-08 12:16:20: ✅ Live prices fetched for 7 instruments
2026-03-08 12:16:30: ✅ Live prices fetched for 7 instruments
2026-03-08 12:16:50: ✅ Live prices fetched for 7 instruments
2026-03-08 12:17:00: ✅ Live prices fetched for 7 instruments
2026-03-08 12:17:10: ✅ Live prices fetched for 7 instruments
2026-03-08 12:17:20: ✅ Live prices fetched for 7 instruments
2026-03-08 12:17:30: ✅ Live prices fetched for 7 instruments
2026-03-08 12:17:40: ✅ Live prices fetched for 7 instruments
2026-03-08 12:17:50: ✅ Live prices fetched for 7 instruments
2026-03-08 12:18:00: ✅ Live prices fetched for 7 instruments
2026-03-08 12:18:10: ✅ Live prices fetched for 7 instruments
2026-03-08 12:18:20: ✅ Live prices fetched for 7 instruments
2026-03-08 12:18:30: ✅ Live prices fetched for 7 instruments
2026-03-08 12:18:40: ✅ Live prices fetched for 7 instruments
2026-03-08 12:18:50: ✅ Live prices fetched for 7 instruments
2026-03-08 12:19:00: ✅ Live prices fetched for 7 instruments
2026-03-08 12:19:10: ✅ Live prices fetched for 7 instruments
2026-03-08 12:19:20: ✅ Live prices fetched for 7 instruments
2026-03-08 12:19:30: ✅ Live prices fetched for 7 instruments
2026-03-08 12:19:44: ✅ Live prices fetched for 7 instruments
2026-03-08 12:20:00: ✅ Live prices fetched for 7 instruments
2026-03-08 12:20:07: ✅ Fetched 61 gold price points (Polygon)
2026-03-08 12:20:07: 📦 Returning cached gold data
2026-03-08 12:20:07: ✅ Yahoo Finance: 61 points for DX-Y.NYB (3mo)
2026-03-08 12:20:07: ✅ Yahoo Finance: 61 points for CL=F (3mo)
2026-03-08 12:20:07: ✅ Yahoo Finance: 61 points for ^VIX (3mo)
2026-03-08 12:20:08: ✅ Yahoo Finance: 61 points for SPY (3mo)
2026-03-08 12:20:08: ✅ Yahoo Finance: 61 points for TLT (3mo)
2026-03-08 12:20:10: ✅ Live prices fetched for 7 instruments
2026-03-08 12:20:20: ✅ Live prices fetched for 7 instruments
2026-03-08 12:20:30: ✅ Live prices fetched for 7 instruments
2026-03-08 12:20:40: ✅ Live prices fetched for 7 instruments
2026-03-08 12:20:50: ✅ Live prices fetched for 7 instruments
2026-03-08 12:21:00: ✅ Live prices fetched for 7 instruments
2026-03-08 12:21:10: ✅ Live prices fetched for 7 instruments
2026-03-08 12:21:20: ✅ Live prices fetched for 7 instruments
2026-03-08 12:21:30: ✅ Live prices fetched for 7 instruments
2026-03-08 12:21:41: ✅ Live prices fetched for 7 instruments
2026-03-08 12:21:59: ✅ Live prices fetched for 7 instruments
2026-03-08 12:22:10: ✅ Live prices fetched for 7 instruments
2026-03-08 12:22:20: ✅ Live prices fetched for 7 instruments
2026-03-08 12:22:30: ✅ Live prices fetched for 7 instruments
2026-03-08 12:22:40: ✅ Live prices fetched for 7 instruments
2026-03-08 12:22:50: ✅ Live prices fetched for 7 instruments
2026-03-08 12:23:00: ✅ Live prices fetched for 7 instruments
2026-03-08 12:23:10: ✅ Live prices fetched for 7 instruments
2026-03-08 12:23:20: ✅ Live prices fetched for 7 instruments
2026-03-08 12:23:30: ✅ Live prices fetched for 7 instruments
2026-03-08 12:23:40: ✅ Live prices fetched for 7 instruments
2026-03-08 12:23:50: ✅ Live prices fetched for 7 instruments
2026-03-08 12:24:00: ✅ Live prices fetched for 7 instruments
2026-03-08 12:24:10: ✅ Live prices fetched for 7 instruments
2026-03-08 12:24:20: ✅ Live prices fetched for 7 instruments
2026-03-08 12:24:30: ✅ Live prices fetched for 7 instruments
2026-03-08 12:24:40: ✅ Live prices fetched for 7 instruments
2026-03-08 12:24:50: ✅ Live prices fetched for 7 instruments
2026-03-08 12:25:00: ✅ Live prices fetched for 7 instruments
2026-03-08 12:25:10: ✅ Live prices fetched for 7 instruments
2026-03-08 12:25:20: ✅ Live prices fetched for 7 instruments
2026-03-08 12:25:30: ✅ Live prices fetched for 7 instruments
2026-03-08 12:25:40: ✅ Live prices fetched for 7 instruments
2026-03-08 12:25:50: ✅ Live prices fetched for 7 instruments
2026-03-08 12:26:00: ✅ Live prices fetched for 7 instruments
2026-03-08 12:26:10: ✅ Live prices fetched for 7 instruments
2026-03-08 12:26:20: ✅ Live prices fetched for 7 instruments
2026-03-08 12:26:30: ✅ Live prices fetched for 7 instruments
2026-03-08 12:26:40: ✅ Live prices fetched for 7 instruments
2026-03-08 12:26:50: ✅ Live prices fetched for 7 instruments
2026-03-08 12:27:00: ✅ Live prices fetched for 7 instruments
2026-03-08 12:27:10: ✅ Live prices fetched for 7 instruments
2026-03-08 12:27:20: ✅ Live prices fetched for 7 instruments
2026-03-08 12:27:30: ✅ Live prices fetched for 7 instruments
2026-03-08 12:27:40: ✅ Live prices fetched for 7 instruments
2026-03-08 12:27:48: ✅ Fetched 61 gold price points (Polygon)
2026-03-08 12:27:49: ✅ Yahoo Finance: 61 points for CL=F (3mo)
2026-03-08 12:27:49: ✅ Yahoo Finance: 61 points for DX-Y.NYB (3mo)
2026-03-08 12:27:49: 📦 Returning cached gold data
2026-03-08 12:27:49: ✅ Yahoo Finance: 61 points for ^VIX (3mo)
2026-03-08 12:27:49: ✅ Live prices fetched for 7 instruments
2026-03-08 12:27:50: ✅ Yahoo Finance: 61 points for TLT (3mo)
2026-03-08 12:27:50: ✅ Yahoo Finance: 61 points for SPY (3mo)
2026-03-08 12:27:50: ✅ Live prices fetched for 7 instruments
2026-03-08 12:28:00: ✅ Live prices fetched for 7 instruments
2026-03-08 12:28:00: ✅ Live prices fetched for 7 instruments
2026-03-08 12:28:10: ✅ Live prices fetched for 7 instruments
2026-03-08 12:28:20: ✅ Live prices fetched for 7 instruments
2026-03-08 12:28:30: ✅ Live prices fetched for 7 instruments
2026-03-08 12:28:31: 📦 Returning cached gold data
2026-03-08 12:28:32: 📦 Returning cached gold data
2026-03-08 12:28:40: ✅ Live prices fetched for 7 instruments
2026-03-08 12:28:50: ✅ Live prices fetched for 7 instruments
2026-03-08 12:29:00: ✅ Live prices fetched for 7 instruments
2026-03-08 12:29:10: ✅ Live prices fetched for 7 instruments
2026-03-08 12:29:20: ✅ Live prices fetched for 7 instruments
2026-03-08 12:29:30: ✅ Live prices fetched for 7 instruments
2026-03-08 12:29:40: ✅ Live prices fetched for 7 instruments
2026-03-08 12:29:50: ✅ Live prices fetched for 7 instruments
2026-03-08 12:29:51: 📦 Returning cached gold data
2026-03-08 12:29:51: 📦 Returning cached gold data
2026-03-08 12:30:00: ✅ Live prices fetched for 7 instruments
2026-03-08 12:30:00: ✅ Live prices fetched for 7 instruments
2026-03-08 12:30:11: ✅ Live prices fetched for 7 instruments
2026-03-08 12:30:21: ✅ Live prices fetched for 7 instruments
2026-03-08 12:30:31: ✅ Live prices fetched for 7 instruments
2026-03-08 12:30:41: ✅ Live prices fetched for 7 instruments
2026-03-08 12:30:51: ✅ Live prices fetched for 7 instruments
2026-03-08 12:31:01: ✅ Live prices fetched for 7 instruments
2026-03-08 12:31:19: ✅ Live prices fetched for 7 instruments
2026-03-08 12:31:30: ✅ Live prices fetched for 7 instruments
2026-03-08 12:31:39: ✅ Live prices fetched for 7 instruments
2026-03-08 12:31:50: ✅ Live prices fetched for 7 instruments
2026-03-08 12:31:59: ✅ Live prices fetched for 7 instruments
2026-03-08 12:32:10: ✅ Live prices fetched for 7 instruments
2026-03-08 12:32:21: ✅ Live prices fetched for 7 instruments
2026-03-08 12:32:40: ✅ Live prices fetched for 7 instruments
2026-03-08 12:32:49: ✅ Live prices fetched for 7 instruments
2026-03-08 12:33:00: ✅ Live prices fetched for 7 instruments
2026-03-08 12:33:09: ✅ Live prices fetched for 7 instruments
2026-03-08 12:33:20: ✅ Live prices fetched for 7 instruments
2026-03-08 12:33:30: ✅ Live prices fetched for 7 instruments
2026-03-08 12:33:41: ✅ Live prices fetched for 7 instruments
2026-03-08 12:33:51: ✅ Live prices fetched for 7 instruments
2026-03-08 12:33:53: ✅ Yahoo Finance: 61 points for ^VIX (3mo)
2026-03-08 12:33:53: ✅ Yahoo Finance: 61 points for DX-Y.NYB (3mo)
2026-03-08 12:33:53: ✅ Yahoo Finance: 61 points for CL=F (3mo)
2026-03-08 12:33:53: ✅ Fetched 61 gold price points (Polygon)
2026-03-08 12:33:53: 📦 Returning cached gold data
2026-03-08 12:33:54: ✅ Yahoo Finance: 61 points for TLT (3mo)
2026-03-08 12:33:54: ✅ Yahoo Finance: 61 points for SPY (3mo)
2026-03-08 12:33:54: 📦 Returning cached gold data
2026-03-08 12:33:54: 📦 Returning cached gold data
2026-03-08 12:33:56: 📦 Returning cached gold data
2026-03-08 12:33:56: 📦 Returning cached gold data
2026-03-08 12:34:04: ✅ Live prices fetched for 7 instruments
2026-03-08 12:34:14: ✅ Live prices fetched for 7 instruments
2026-03-08 12:34:24: ✅ Live prices fetched for 7 instruments
2026-03-08 12:34:34: ✅ Live prices fetched for 7 instruments
2026-03-08 12:34:44: ✅ Live prices fetched for 7 instruments
2026-03-08 12:34:54: ✅ Live prices fetched for 7 instruments
2026-03-08 12:34:56: 📦 Returning cached gold data
2026-03-08 12:34:56: 📦 Returning cached gold data
2026-03-08 12:35:04: ✅ Live prices fetched for 7 instruments
2026-03-08 12:35:18: ✅ Live prices fetched for 7 instruments
2026-03-08 12:35:28: ✅ Live prices fetched for 7 instruments
2026-03-08 12:35:29: ✅ Live prices fetched for 7 instruments
2026-03-08 12:35:39: ✅ Live prices fetched for 7 instruments
2026-03-08 12:35:49: ✅ Live prices fetched for 7 instruments
2026-03-08 12:35:59: ✅ Live prices fetched for 7 instruments
2026-03-08 12:36:04: 📦 Returning cached gold data
2026-03-08 12:36:04: 📦 Returning cached gold data
2026-03-08 12:36:13: ✅ Live prices fetched for 7 instruments
2026-03-08 12:36:30: ✅ Live prices fetched for 7 instruments
2026-03-08 12:36:40: ✅ Live prices fetched for 7 instruments
2026-03-08 12:36:49: ✅ Live prices fetched for 7 instruments
2026-03-08 12:37:00: ✅ Live prices fetched for 7 instruments
2026-03-08 12:37:11: ✅ Live prices fetched for 7 instruments
2026-03-08 12:37:30: ✅ Live prices fetched for 7 instruments
2026-03-08 12:37:40: ✅ Live prices fetched for 7 instruments
2026-03-08 12:37:50: ✅ Live prices fetched for 7 instruments
2026-03-08 12:38:00: ✅ Live prices fetched for 7 instruments
2026-03-08 12:38:09: ✅ Live prices fetched for 7 instruments
2026-03-08 12:38:20: ✅ Live prices fetched for 7 instruments
2026-03-08 12:38:30: ✅ Live prices fetched for 7 instruments
2026-03-08 12:38:39: ✅ Live prices fetched for 7 instruments
2026-03-08 12:38:50: ✅ Live prices fetched for 7 instruments
2026-03-08 12:39:00: ✅ Live prices fetched for 7 instruments
2026-03-08 12:39:10: ✅ Live prices fetched for 7 instruments
2026-03-08 12:39:20: ✅ Live prices fetched for 7 instruments
2026-03-08 12:39:39: ✅ Live prices fetched for 7 instruments
2026-03-08 12:39:49: ✅ Live prices fetched for 7 instruments
2026-03-08 12:39:59: ✅ Live prices fetched for 7 instruments
2026-03-08 12:40:10: ✅ Live prices fetched for 7 instruments
2026-03-08 12:40:19: ✅ Live prices fetched for 7 instruments
2026-03-08 12:40:30: ✅ Live prices fetched for 7 instruments
2026-03-08 12:40:39: ✅ Live prices fetched for 7 instruments
2026-03-08 12:40:50: ✅ Live prices fetched for 7 instruments
2026-03-08 12:41:00: ✅ Live prices fetched for 7 instruments
2026-03-08 12:41:10: ✅ Live prices fetched for 7 instruments
2026-03-08 12:41:19: ✅ Live prices fetched for 7 instruments
2026-03-08 12:41:30: ✅ Live prices fetched for 7 instruments
2026-03-08 12:41:39: ✅ Live prices fetched for 7 instruments
2026-03-08 12:41:49: ✅ Live prices fetched for 7 instruments
2026-03-08 12:41:59: ✅ Live prices fetched for 7 instruments
2026-03-08 12:42:09: ✅ Live prices fetched for 7 instruments
2026-03-08 12:42:19: ✅ Live prices fetched for 7 instruments
2026-03-08 12:42:29: ✅ Live prices fetched for 7 instruments
2026-03-08 12:42:40: ✅ Live prices fetched for 7 instruments
2026-03-08 12:42:50: ✅ Live prices fetched for 7 instruments
2026-03-08 12:43:10: ✅ Live prices fetched for 7 instruments
2026-03-08 12:43:20: ✅ Live prices fetched for 7 instruments
2026-03-08 12:43:30: ✅ Live prices fetched for 7 instruments
2026-03-08 12:43:40: ✅ Live prices fetched for 7 instruments
2026-03-08 12:43:49: ✅ Live prices fetched for 7 instruments
2026-03-08 12:44:00: ✅ Live prices fetched for 7 instruments
2026-03-08 12:44:10: ✅ Live prices fetched for 7 instruments
2026-03-08 12:44:20: ✅ Live prices fetched for 7 instruments
2026-03-08 12:44:30: ✅ Live prices fetched for 7 instruments
2026-03-08 12:44:44: ✅ Live prices fetched for 7 instruments
2026-03-08 12:44:59: ✅ Live prices fetched for 7 instruments
2026-03-08 12:45:09: ✅ Live prices fetched for 7 instruments
2026-03-08 12:45:19: ✅ Live prices fetched for 7 instruments
2026-03-08 12:45:29: ✅ Live prices fetched for 7 instruments
2026-03-08 12:45:40: ✅ Live prices fetched for 7 instruments
2026-03-08 12:45:49: ✅ Live prices fetched for 7 instruments
2026-03-08 12:45:59: ✅ Live prices fetched for 7 instruments
2026-03-08 12:46:09: ✅ Live prices fetched for 7 instruments
2026-03-08 12:46:19: ✅ Live prices fetched for 7 instruments
2026-03-08 12:46:30: ✅ Live prices fetched for 7 instruments
2026-03-08 12:46:40: ✅ Live prices fetched for 7 instruments
2026-03-08 12:46:59: ✅ Live prices fetched for 7 instruments
2026-03-08 12:47:09: ✅ Live prices fetched for 7 instruments
2026-03-08 12:47:20: ✅ Live prices fetched for 7 instruments
2026-03-08 12:47:42: ✅ Live prices fetched for 7 instruments
2026-03-08 12:47:59: ✅ Live prices fetched for 7 instruments
2026-03-08 12:48:10: ✅ Live prices fetched for 7 instruments
2026-03-08 12:48:19: ✅ Live prices fetched for 7 instruments
2026-03-08 12:48:29: ✅ Live prices fetched for 7 instruments
2026-03-08 12:48:40: ✅ Live prices fetched for 7 instruments
2026-03-08 12:48:50: ✅ Live prices fetched for 7 instruments
2026-03-08 12:48:59: ✅ Live prices fetched for 7 instruments
2026-03-08 12:49:09: ✅ Live prices fetched for 7 instruments
2026-03-08 12:49:19: ✅ Live prices fetched for 7 instruments
2026-03-08 12:49:30: ✅ Live prices fetched for 7 instruments
2026-03-08 12:49:40: ✅ Live prices fetched for 7 instruments
2026-03-08 12:49:49: ✅ Live prices fetched for 7 instruments
2026-03-08 12:50:00: ✅ Live prices fetched for 7 instruments
2026-03-08 12:50:01: ✅ Yahoo Finance: 61 points for DX-Y.NYB (3mo)
2026-03-08 12:50:01: ✅ Yahoo Finance: 61 points for CL=F (3mo)
2026-03-08 12:50:01: ✅ Yahoo Finance: 61 points for ^VIX (3mo)
2026-03-08 12:50:02: ✅ Fetched 61 gold price points (Polygon)
2026-03-08 12:50:02: ✅ Yahoo Finance: 61 points for TLT (3mo)
2026-03-08 12:50:03: ✅ Yahoo Finance: 61 points for SPY (3mo)
2026-03-08 12:50:03: 📦 Returning cached gold data
2026-03-08 12:50:09: ✅ Live prices fetched for 7 instruments
2026-03-08 12:50:19: ✅ Live prices fetched for 7 instruments
2026-03-08 12:50:29: ✅ Live prices fetched for 7 instruments
2026-03-08 12:50:39: ✅ Live prices fetched for 7 instruments
2026-03-08 12:50:50: ✅ Live prices fetched for 7 instruments
2026-03-08 12:50:59: ✅ Live prices fetched for 7 instruments
2026-03-08 12:51:09: ✅ Live prices fetched for 7 instruments
2026-03-08 12:51:19: ✅ Live prices fetched for 7 instruments
2026-03-08 12:51:30: ✅ Live prices fetched for 7 instruments
2026-03-08 12:51:39: ✅ Live prices fetched for 7 instruments
2026-03-08 12:51:50: ✅ Live prices fetched for 7 instruments
2026-03-08 12:51:59: ✅ Live prices fetched for 7 instruments
2026-03-08 12:52:09: ✅ Live prices fetched for 7 instruments
2026-03-08 12:52:19: ✅ Live prices fetched for 7 instruments
2026-03-08 12:52:30: ✅ Live prices fetched for 7 instruments
2026-03-08 12:52:40: ✅ Live prices fetched for 7 instruments
2026-03-08 12:52:49: ✅ Live prices fetched for 7 instruments
2026-03-08 12:53:00: ✅ Live prices fetched for 7 instruments
2026-03-08 12:53:09: ✅ Live prices fetched for 7 instruments
2026-03-08 12:53:19: ✅ Live prices fetched for 7 instruments
2026-03-08 12:53:29: ✅ Live prices fetched for 7 instruments
2026-03-08 12:53:40: ✅ Live prices fetched for 7 instruments
2026-03-08 12:53:50: ✅ Live prices fetched for 7 instruments
2026-03-08 12:54:00: ✅ Live prices fetched for 7 instruments
2026-03-08 12:54:09: ✅ Live prices fetched for 7 instruments
2026-03-08 12:54:19: ✅ Live prices fetched for 7 instruments
2026-03-08 12:54:31: ✅ Live prices fetched for 7 instruments
2026-03-08 12:54:50: ✅ Live prices fetched for 7 instruments
2026-03-08 12:54:59: ✅ Live prices fetched for 7 instruments
2026-03-08 12:55:09: ✅ Live prices fetched for 7 instruments
2026-03-08 12:55:19: ✅ Live prices fetched for 7 instruments
2026-03-08 12:55:29: ✅ Live prices fetched for 7 instruments
2026-03-08 12:55:39: ✅ Live prices fetched for 7 instruments
2026-03-08 12:55:50: ✅ Live prices fetched for 7 instruments
2026-03-08 12:55:59: ✅ Live prices fetched for 7 instruments
2026-03-08 12:56:09: ✅ Live prices fetched for 7 instruments
2026-03-08 12:56:19: ✅ Live prices fetched for 7 instruments
2026-03-08 12:56:29: ✅ Live prices fetched for 7 instruments
2026-03-08 12:56:39: ✅ Live prices fetched for 7 instruments
2026-03-08 12:56:49: ✅ Live prices fetched for 7 instruments
2026-03-08 12:57:01: ✅ Live prices fetched for 7 instruments
2026-03-08 12:57:19: ✅ Live prices fetched for 7 instruments
2026-03-08 12:57:29: ✅ Live prices fetched for 7 instruments
2026-03-08 12:57:40: ✅ Live prices fetched for 7 instruments
2026-03-08 12:57:49: ✅ Live prices fetched for 7 instruments
2026-03-08 12:57:59: ✅ Live prices fetched for 7 instruments
2026-03-08 12:58:09: ✅ Live prices fetched for 7 instruments
2026-03-08 12:58:19: ✅ Live prices fetched for 7 instruments
2026-03-08 12:58:29: ✅ Live prices fetched for 7 instruments
2026-03-08 12:58:39: ✅ Live prices fetched for 7 instruments
2026-03-08 12:58:49: ✅ Live prices fetched for 7 instruments
2026-03-08 12:58:59: ✅ Live prices fetched for 7 instruments
2026-03-08 12:59:09: ✅ Live prices fetched for 7 instruments
2026-03-08 12:59:19: ✅ Live prices fetched for 7 instruments
2026-03-08 12:59:29: ✅ Live prices fetched for 7 instruments
2026-03-08 12:59:43: ✅ Live prices fetched for 7 instruments
2026-03-08 12:59:59: ✅ Live prices fetched for 7 instruments
2026-03-08 13:00:09: ✅ Live prices fetched for 7 instruments
2026-03-08 13:00:19: ✅ Live prices fetched for 7 instruments
2026-03-08 13:00:29: ✅ Live prices fetched for 7 instruments
2026-03-08 13:00:44: ✅ Live prices fetched for 7 instruments
2026-03-08 13:00:59: ✅ Live prices fetched for 7 instruments
2026-03-08 13:01:09: ✅ Live prices fetched for 7 instruments
2026-03-08 13:01:19: ✅ Live prices fetched for 7 instruments
2026-03-08 13:01:29: ✅ Live prices fetched for 7 instruments
2026-03-08 13:01:39: ✅ Live prices fetched for 7 instruments
2026-03-08 13:01:49: ✅ Live prices fetched for 7 instruments
2026-03-08 13:01:59: ✅ Live prices fetched for 7 instruments
2026-03-08 13:02:09: ✅ Live prices fetched for 7 instruments
2026-03-08 13:02:19: ✅ Live prices fetched for 7 instruments
2026-03-08 13:02:29: ✅ Live prices fetched for 7 instruments
2026-03-08 13:02:39: ✅ Live prices fetched for 7 instruments
2026-03-08 13:02:49: ✅ Live prices fetched for 7 instruments
2026-03-08 13:02:59: ✅ Live prices fetched for 7 instruments
2026-03-08 13:03:09: ✅ Live prices fetched for 7 instruments
2026-03-08 13:03:19: ✅ Live prices fetched for 7 instruments
2026-03-08 13:03:29: ✅ Live prices fetched for 7 instruments
2026-03-08 13:03:39: ✅ Live prices fetched for 7 instruments
2026-03-08 13:03:49: ✅ Live prices fetched for 7 instruments
2026-03-08 13:03:59: ✅ Live prices fetched for 7 instruments
2026-03-08 13:04:09: ✅ Live prices fetched for 7 instruments
2026-03-08 13:04:19: ✅ Live prices fetched for 7 instruments
2026-03-08 13:04:30: ✅ Live prices fetched for 7 instruments
2026-03-08 13:04:39: ✅ Live prices fetched for 7 instruments
2026-03-08 13:04:49: ✅ Live prices fetched for 7 instruments
2026-03-08 13:04:59: ✅ Live prices fetched for 7 instruments
2026-03-08 13:05:09: ✅ Live prices fetched for 7 instruments
2026-03-08 13:05:19: ✅ Live prices fetched for 7 instruments
2026-03-08 13:05:29: ✅ Live prices fetched for 7 instruments
2026-03-08 13:05:39: ✅ Live prices fetched for 7 instruments
2026-03-08 13:05:49: ✅ Live prices fetched for 7 instruments
2026-03-08 13:05:59: ✅ Live prices fetched for 7 instruments
2026-03-08 13:06:09: ✅ Live prices fetched for 7 instruments
2026-03-08 13:06:20: ✅ Live prices fetched for 7 instruments
2026-03-08 13:06:30: ✅ Live prices fetched for 7 instruments
2026-03-08 13:06:39: ✅ Live prices fetched for 7 instruments
2026-03-08 13:06:48: ✅ Yahoo Finance: 61 points for DX-Y.NYB (3mo)
2026-03-08 13:06:48: ✅ Fetched 61 gold price points (Polygon)
2026-03-08 13:06:48: ✅ Yahoo Finance: 61 points for ^VIX (3mo)
2026-03-08 13:06:48: ✅ Yahoo Finance: 61 points for CL=F (3mo)
2026-03-08 13:06:48: 📦 Returning cached gold data
2026-03-08 13:06:48: ✅ Yahoo Finance: 61 points for TLT (3mo)
2026-03-08 13:06:49: ✅ Yahoo Finance: 61 points for SPY (3mo)
2026-03-08 13:06:49: ✅ Live prices fetched for 7 instruments
2026-03-08 13:06:49: ✅ Live prices fetched for 7 instruments
2026-03-08 13:06:59: ✅ Live prices fetched for 7 instruments
2026-03-08 13:07:09: ✅ Live prices fetched for 7 instruments
2026-03-08 13:07:19: ✅ Live prices fetched for 7 instruments
2026-03-08 13:07:29: ✅ Live prices fetched for 7 instruments
2026-03-08 13:07:31: 📦 Returning cached gold data
2026-03-08 13:07:31: 📦 Returning cached gold data
2026-03-08 13:07:40: ✅ Live prices fetched for 7 instruments
2026-03-08 13:07:50: ✅ Live prices fetched for 7 instruments
2026-03-08 13:07:59: ✅ Live prices fetched for 7 instruments
2026-03-08 13:08:09: ✅ Live prices fetched for 7 instruments
2026-03-08 13:08:19: ✅ Live prices fetched for 7 instruments
2026-03-08 13:08:29: ✅ Live prices fetched for 7 instruments
2026-03-08 13:08:39: ✅ Live prices fetched for 7 instruments
2026-03-08 13:08:49: ✅ Live prices fetched for 7 instruments
2026-03-08 13:08:57: 📦 Returning cached gold data
2026-03-08 13:08:57: 📦 Returning cached gold data
2026-03-08 13:08:59: ✅ Live prices fetched for 7 instruments
2026-03-08 13:09:09: ✅ Live prices fetched for 7 instruments
2026-03-08 13:09:19: ✅ Live prices fetched for 7 instruments
2026-03-08 13:09:29: ✅ Live prices fetched for 7 instruments
2026-03-08 13:09:39: ✅ Live prices fetched for 7 instruments
2026-03-08 13:09:49: ✅ Live prices fetched for 7 instruments
2026-03-08 13:09:59: ✅ Live prices fetched for 7 instruments
2026-03-08 13:10:09: ✅ Live prices fetched for 7 instruments
2026-03-08 13:10:19: ✅ Live prices fetched for 7 instruments
2026-03-08 13:10:26: 📦 Returning cached gold data
2026-03-08 13:10:26: 📦 Returning cached gold data
2026-03-08 13:10:29: ✅ Live prices fetched for 7 instruments
2026-03-08 13:10:39: ✅ Live prices fetched for 7 instruments
2026-03-08 13:10:49: ✅ Live prices fetched for 7 instruments
2026-03-08 13:10:50: 📦 Returning cached gold data
2026-03-08 13:10:50: 📦 Returning cached gold data
2026-03-08 13:10:59: ✅ Live prices fetched for 7 instruments
2026-03-08 13:11:10: ✅ Live prices fetched for 7 instruments
2026-03-08 13:11:19: ✅ Live prices fetched for 7 instruments
2026-03-08 13:11:30: ✅ Live prices fetched for 7 instruments
2026-03-08 13:11:40: ✅ Live prices fetched for 7 instruments
2026-03-08 13:11:49: ✅ Live prices fetched for 7 instruments
2026-03-08 13:11:59: ✅ Live prices fetched for 7 instruments
2026-03-08 13:12:10: ✅ Live prices fetched for 7 instruments
2026-03-08 13:12:19: ✅ Live prices fetched for 7 instruments
2026-03-08 13:12:29: ✅ Live prices fetched for 7 instruments
2026-03-08 13:12:39: ✅ Live prices fetched for 7 instruments
2026-03-08 13:12:49: ✅ Live prices fetched for 7 instruments
2026-03-08 13:12:59: ✅ Live prices fetched for 7 instruments
2026-03-08 13:13:09: ✅ Live prices fetched for 7 instruments
2026-03-08 13:13:19: ✅ Live prices fetched for 7 instruments
2026-03-08 13:13:29: ✅ Live prices fetched for 7 instruments
2026-03-08 13:13:39: ✅ Live prices fetched for 7 instruments
2026-03-08 13:13:49: ✅ Live prices fetched for 7 instruments
2026-03-08 13:13:59: ✅ Live prices fetched for 7 instruments
2026-03-08 13:14:09: ✅ Live prices fetched for 7 instruments
2026-03-08 13:14:19: ✅ Live prices fetched for 7 instruments
2026-03-08 13:14:29: ✅ Live prices fetched for 7 instruments
2026-03-08 13:14:41: ✅ Live prices fetched for 7 instruments
2026-03-08 13:14:59: ✅ Live prices fetched for 7 instruments
2026-03-08 13:15:09: ✅ Live prices fetched for 7 instruments
2026-03-08 13:15:19: ✅ Live prices fetched for 7 instruments
2026-03-08 13:15:29: ✅ Live prices fetched for 7 instruments
2026-03-08 13:15:39: ✅ Live prices fetched for 7 instruments
2026-03-08 13:15:49: ✅ Live prices fetched for 7 instruments
2026-03-08 13:15:59: ✅ Live prices fetched for 7 instruments
2026-03-08 13:16:09: ✅ Live prices fetched for 7 instruments
2026-03-08 13:16:19: ✅ Live prices fetched for 7 instruments
2026-03-08 13:16:29: ✅ Live prices fetched for 7 instruments
2026-03-08 13:16:39: ✅ Live prices fetched for 7 instruments
2026-03-08 13:16:49: ✅ Live prices fetched for 7 instruments
2026-03-08 13:16:59: ✅ Live prices fetched for 7 instruments
2026-03-08 13:17:09: ✅ Live prices fetched for 7 instruments
2026-03-08 13:17:19: ✅ Live prices fetched for 7 instruments
2026-03-08 13:17:30: ✅ Live prices fetched for 7 instruments
2026-03-08 13:17:40: ✅ Live prices fetched for 7 instruments
2026-03-08 13:17:49: ✅ Live prices fetched for 7 instruments
2026-03-08 13:17:59: ✅ Live prices fetched for 7 instruments
2026-03-08 13:18:10: ✅ Live prices fetched for 7 instruments
2026-03-08 13:18:19: ✅ Live prices fetched for 7 instruments
2026-03-08 13:18:29: ✅ Live prices fetched for 7 instruments
2026-03-08 13:18:40: ✅ Live prices fetched for 7 instruments
2026-03-08 13:18:49: ✅ Live prices fetched for 7 instruments
2026-03-08 13:18:59: ✅ Live prices fetched for 7 instruments
2026-03-08 13:19:09: ✅ Live prices fetched for 7 instruments
2026-03-08 13:19:19: ✅ Live prices fetched for 7 instruments
2026-03-08 13:19:33: ✅ Live prices fetched for 7 instruments
2026-03-08 13:19:49: ✅ Live prices fetched for 7 instruments
2026-03-08 13:19:59: ✅ Live prices fetched for 7 instruments
2026-03-08 13:20:10: ✅ Live prices fetched for 7 instruments
2026-03-08 13:20:19: ✅ Live prices fetched for 7 instruments
2026-03-08 13:20:20: ✅ Yahoo Finance: 61 points for DX-Y.NYB (3mo)
2026-03-08 13:20:20: ✅ Yahoo Finance: 61 points for CL=F (3mo)
2026-03-08 13:20:20: ✅ Yahoo Finance: 61 points for ^VIX (3mo)
2026-03-08 13:20:21: ✅ Fetched 61 gold price points (Polygon)
2026-03-08 13:20:21: 📦 Returning cached gold data
2026-03-08 13:20:21: ✅ Yahoo Finance: 61 points for SPY (3mo)
2026-03-08 13:20:21: ✅ Yahoo Finance: 61 points for TLT (3mo)
2026-03-08 13:20:29: ✅ Live prices fetched for 7 instruments
2026-03-08 13:20:39: ✅ Live prices fetched for 7 instruments
2026-03-08 13:20:49: ✅ Live prices fetched for 7 instruments
2026-03-08 13:20:59: ✅ Live prices fetched for 7 instruments
2026-03-08 13:21:09: ✅ Live prices fetched for 7 instruments
2026-03-08 13:21:19: ✅ Live prices fetched for 7 instruments
2026-03-08 13:21:29: ✅ Live prices fetched for 7 instruments
2026-03-08 13:21:39: ✅ Live prices fetched for 7 instruments
2026-03-08 13:21:49: ✅ Live prices fetched for 7 instruments
2026-03-08 13:21:59: ✅ Live prices fetched for 7 instruments
2026-03-08 13:22:09: ✅ Live prices fetched for 7 instruments
2026-03-08 13:22:20: ✅ Live prices fetched for 7 instruments
2026-03-08 13:22:30: ✅ Live prices fetched for 7 instruments
2026-03-08 13:22:39: ✅ Live prices fetched for 7 instruments
2026-03-08 13:22:49: ✅ Live prices fetched for 7 instruments
2026-03-08 13:23:00: ✅ Live prices fetched for 7 instruments
2026-03-08 13:23:09: ✅ Live prices fetched for 7 instruments
2026-03-08 13:23:19: ✅ Live prices fetched for 7 instruments
2026-03-08 13:23:29: ✅ Live prices fetched for 7 instruments
2026-03-08 13:23:39: ✅ Live prices fetched for 7 instruments
2026-03-08 13:23:52: ✅ Live prices fetched for 7 instruments
2026-03-08 13:24:09: ✅ Live prices fetched for 7 instruments
2026-03-08 13:24:19: ✅ Live prices fetched for 7 instruments
2026-03-08 13:24:30: ✅ Live prices fetched for 7 instruments
2026-03-08 13:24:39: ✅ Live prices fetched for 7 instruments
2026-03-08 13:24:49: ✅ Live prices fetched for 7 instruments
2026-03-08 13:24:59: ✅ Live prices fetched for 7 instruments
2026-03-08 13:25:09: ✅ Live prices fetched for 7 instruments
2026-03-08 13:25:19: ✅ Live prices fetched for 7 instruments
2026-03-08 13:25:29: ✅ Live prices fetched for 7 instruments
2026-03-08 13:25:39: ✅ Live prices fetched for 7 instruments
2026-03-08 13:25:49: ✅ Live prices fetched for 7 instruments
2026-03-08 13:25:59: ✅ Live prices fetched for 7 instruments
2026-03-08 13:26:09: ✅ Live prices fetched for 7 instruments
2026-03-08 13:26:19: ✅ Live prices fetched for 7 instruments
2026-03-08 13:26:29: ✅ Live prices fetched for 7 instruments
2026-03-08 13:26:39: ✅ Live prices fetched for 7 instruments
2026-03-08 13:26:49: ✅ Live prices fetched for 7 instruments
2026-03-08 13:26:59: ✅ Live prices fetched for 7 instruments
2026-03-08 13:27:09: ✅ Live prices fetched for 7 instruments
2026-03-08 13:27:19: ✅ Live prices fetched for 7 instruments
2026-03-08 13:27:29: ✅ Live prices fetched for 7 instruments
2026-03-08 13:27:40: ✅ Live prices fetched for 7 instruments
2026-03-08 13:27:49: ✅ Live prices fetched for 7 instruments
2026-03-08 13:27:59: ✅ Live prices fetched for 7 instruments
2026-03-08 13:28:10: ✅ Live prices fetched for 7 instruments
2026-03-08 13:28:19: ✅ Live prices fetched for 7 instruments
2026-03-08 13:28:29: ✅ Live prices fetched for 7 instruments
2026-03-08 13:28:39: ✅ Live prices fetched for 7 instruments
2026-03-08 13:28:49: ✅ Live prices fetched for 7 instruments
2026-03-08 13:28:59: ✅ Live prices fetched for 7 instruments
2026-03-08 13:29:09: ✅ Live prices fetched for 7 instruments
2026-03-08 13:29:24: ✅ Live prices fetched for 7 instruments
2026-03-08 13:29:40: ✅ Live prices fetched for 7 instruments
2026-03-08 13:29:49: ✅ Live prices fetched for 7 instruments
2026-03-08 13:29:59: ✅ Live prices fetched for 7 instruments
2026-03-08 13:30:09: ✅ Live prices fetched for 7 instruments
2026-03-08 13:30:19: ✅ Live prices fetched for 7 instruments
2026-03-08 13:30:29: ✅ Live prices fetched for 7 instruments
2026-03-08 13:30:39: ✅ Live prices fetched for 7 instruments
2026-03-08 13:30:49: ✅ Live prices fetched for 7 instruments
2026-03-08 13:30:59: ✅ Live prices fetched for 7 instruments
2026-03-08 13:31:10: ✅ Live prices fetched for 7 instruments
2026-03-08 13:31:20: ✅ Live prices fetched for 7 instruments
2026-03-08 13:31:23: ✅ Yahoo Finance: 61 points for ^VIX (3mo)
2026-03-08 13:31:24: ✅ Yahoo Finance: 61 points for CL=F (3mo)
2026-03-08 13:31:24: ✅ Yahoo Finance: 61 points for DX-Y.NYB (3mo)
2026-03-08 13:31:24: ✅ Fetched 61 gold price points (Polygon)
2026-03-08 13:31:24: 📦 Returning cached gold data
2026-03-08 13:31:25: ✅ Yahoo Finance: 61 points for TLT (3mo)
2026-03-08 13:31:25: ✅ Yahoo Finance: 61 points for SPY (3mo)
2026-03-08 13:31:29: ✅ Live prices fetched for 7 instruments
2026-03-08 13:31:36: 📦 Returning cached gold data
2026-03-08 13:31:36: 📦 Returning cached gold data
2026-03-08 13:31:39: ✅ Live prices fetched for 7 instruments
2026-03-08 13:31:50: ✅ Live prices fetched for 7 instruments
2026-03-08 13:31:59: ✅ Live prices fetched for 7 instruments
2026-03-08 13:32:09: ✅ Live prices fetched for 7 instruments
2026-03-08 13:32:19: ✅ Live prices fetched for 7 instruments
2026-03-08 13:32:29: ✅ Live prices fetched for 7 instruments
2026-03-08 13:32:44: ✅ Live prices fetched for 7 instruments
2026-03-08 13:32:59: ✅ Live prices fetched for 7 instruments
2026-03-08 13:33:09: ✅ Live prices fetched for 7 instruments
2026-03-08 13:33:20: ✅ Live prices fetched for 7 instruments
2026-03-08 13:33:30: ✅ Live prices fetched for 7 instruments
2026-03-08 13:33:39: ✅ Live prices fetched for 7 instruments
2026-03-08 13:33:49: ✅ Live prices fetched for 7 instruments
2026-03-08 13:33:59: ✅ Live prices fetched for 7 instruments
2026-03-08 13:34:10: ✅ Live prices fetched for 7 instruments
2026-03-08 13:34:19: ✅ Live prices fetched for 7 instruments
2026-03-08 13:34:29: ✅ Live prices fetched for 7 instruments
2026-03-08 13:34:39: ✅ Live prices fetched for 7 instruments
2026-03-08 13:34:50: ✅ Live prices fetched for 7 instruments
2026-03-08 13:35:00: ✅ Live prices fetched for 7 instruments
2026-03-08 13:35:10: ✅ Live prices fetched for 7 instruments
2026-03-08 13:35:21: ✅ Live prices fetched for 7 instruments
2026-03-08 13:35:39: ✅ Live prices fetched for 7 instruments
2026-03-08 13:35:50: ✅ Live prices fetched for 7 instruments
2026-03-08 13:36:09: ✅ Live prices fetched for 7 instruments
2026-03-08 13:36:19: ✅ Live prices fetched for 7 instruments
2026-03-08 13:36:29: ✅ Live prices fetched for 7 instruments
2026-03-08 13:36:39: ✅ Live prices fetched for 7 instruments
2026-03-08 13:36:49: ✅ Live prices fetched for 7 instruments
2026-03-08 13:36:59: ✅ Live prices fetched for 7 instruments
2026-03-08 13:37:09: ✅ Live prices fetched for 7 instruments
2026-03-08 13:37:20: ✅ Live prices fetched for 7 instruments
2026-03-08 13:37:29: ✅ Live prices fetched for 7 instruments
2026-03-08 13:37:39: ✅ Live prices fetched for 7 instruments
2026-03-08 13:37:49: ✅ Live prices fetched for 7 instruments
2026-03-08 13:37:59: ✅ Live prices fetched for 7 instruments
2026-03-08 13:38:09: ✅ Live prices fetched for 7 instruments
2026-03-08 13:38:19: ✅ Live prices fetched for 7 instruments
2026-03-08 13:38:29: ✅ Live prices fetched for 7 instruments
2026-03-08 13:38:39: ✅ Live prices fetched for 7 instruments
2026-03-08 13:38:50: ✅ Live prices fetched for 7 instruments
2026-03-08 13:38:59: ✅ Live prices fetched for 7 instruments
2026-03-08 13:39:09: ✅ Live prices fetched for 7 instruments
2026-03-08 13:39:19: ✅ Live prices fetched for 7 instruments
2026-03-08 13:39:29: ✅ Live prices fetched for 7 instruments
2026-03-08 13:39:39: ✅ Live prices fetched for 7 instruments
2026-03-08 13:39:49: ✅ Live prices fetched for 7 instruments
2026-03-08 13:40:01: ✅ Live prices fetched for 7 instruments
2026-03-08 13:40:20: ✅ Live prices fetched for 7 instruments
2026-03-08 13:40:29: ✅ Live prices fetched for 7 instruments
2026-03-08 13:40:39: ✅ Live prices fetched for 7 instruments
2026-03-08 13:40:49: ✅ Live prices fetched for 7 instruments
2026-03-08 13:40:59: ✅ Live prices fetched for 7 instruments
2026-03-08 13:41:09: ✅ Live prices fetched for 7 instruments
2026-03-08 13:41:19: ✅ Live prices fetched for 7 instruments
2026-03-08 13:41:29: ✅ Live prices fetched for 7 instruments
2026-03-08 13:41:40: ✅ Live prices fetched for 7 instruments
2026-03-08 13:41:49: ✅ Live prices fetched for 7 instruments
2026-03-08 13:42:00: ✅ Live prices fetched for 7 instruments
2026-03-08 13:42:09: ✅ Live prices fetched for 7 instruments
2026-03-08 13:42:19: ✅ Live prices fetched for 7 instruments
2026-03-08 13:42:30: ✅ Live prices fetched for 7 instruments
2026-03-08 13:42:39: ✅ Live prices fetched for 7 instruments
2026-03-08 13:42:49: ✅ Live prices fetched for 7 instruments
2026-03-08 13:42:59: ✅ Live prices fetched for 7 instruments
2026-03-08 13:43:09: ✅ Live prices fetched for 7 instruments
2026-03-08 13:43:19: ✅ Live prices fetched for 7 instruments
2026-03-08 13:43:21: ✅ Yahoo Finance: 61 points for CL=F (3mo)
2026-03-08 13:43:21: ✅ Yahoo Finance: 61 points for DX-Y.NYB (3mo)
2026-03-08 13:43:21: ✅ Yahoo Finance: 61 points for ^VIX (3mo)
2026-03-08 13:43:22: ✅ Fetched 61 gold price points (Polygon)
2026-03-08 13:43:22: 📦 Returning cached gold data
2026-03-08 13:43:22: ✅ Yahoo Finance: 61 points for TLT (3mo)
2026-03-08 13:43:22: ✅ Yahoo Finance: 61 points for SPY (3mo)
2026-03-08 13:43:29: ✅ Live prices fetched for 7 instruments
2026-03-08 13:43:39: ✅ Live prices fetched for 7 instruments
2026-03-08 13:43:50: ✅ Live prices fetched for 7 instruments
2026-03-08 13:43:59: ✅ Live prices fetched for 7 instruments
2026-03-08 13:44:09: ✅ Live prices fetched for 7 instruments
2026-03-08 13:44:20: ✅ Live prices fetched for 7 instruments
2026-03-08 13:44:29: ✅ Live prices fetched for 7 instruments
2026-03-08 13:44:39: ✅ Live prices fetched for 7 instruments
2026-03-08 13:44:49: ✅ Live prices fetched for 7 instruments
2026-03-08 13:44:59: ✅ Live prices fetched for 7 instruments
2026-03-08 13:45:09: ✅ Live prices fetched for 7 instruments
2026-03-08 13:45:19: ✅ Live prices fetched for 7 instruments
2026-03-08 13:45:29: ✅ Live prices fetched for 7 instruments
2026-03-08 13:45:39: ✅ Live prices fetched for 7 instruments
2026-03-08 13:45:49: ✅ Live prices fetched for 7 instruments
2026-03-08 13:45:59: ✅ Live prices fetched for 7 instruments
2026-03-08 13:46:09: ✅ Live prices fetched for 7 instruments
2026-03-08 13:46:20: ✅ Live prices fetched for 7 instruments
2026-03-08 13:46:29: ✅ Live prices fetched for 7 instruments
2026-03-08 13:46:39: ✅ Live prices fetched for 7 instruments
2026-03-08 13:46:49: ✅ Live prices fetched for 7 instruments
2026-03-08 13:46:59: ✅ Live prices fetched for 7 instruments
2026-03-08 13:47:09: ✅ Live prices fetched for 7 instruments
2026-03-08 13:47:19: ✅ Live prices fetched for 7 instruments
2026-03-08 13:47:29: ✅ Live prices fetched for 7 instruments
2026-03-08 13:47:39: ✅ Live prices fetched for 7 instruments
2026-03-08 13:47:50: ✅ Live prices fetched for 7 instruments
2026-03-08 13:47:59: ✅ Live prices fetched for 7 instruments
2026-03-08 13:48:09: ✅ Live prices fetched for 7 instruments
2026-03-08 13:48:19: ✅ Live prices fetched for 7 instruments
2026-03-08 13:48:30: ✅ Live prices fetched for 7 instruments
2026-03-08 13:48:39: ✅ Live prices fetched for 7 instruments
2026-03-08 13:48:49: ✅ Live prices fetched for 7 instruments
2026-03-08 13:48:59: ✅ Live prices fetched for 7 instruments
2026-03-08 13:49:09: ✅ Live prices fetched for 7 instruments
2026-03-08 13:49:19: ✅ Live prices fetched for 7 instruments
2026-03-08 13:49:29: ✅ Live prices fetched for 7 instruments
2026-03-08 13:49:39: ✅ Live prices fetched for 7 instruments
2026-03-08 13:49:52: ✅ Live prices fetched for 7 instruments
2026-03-08 13:50:09: ✅ Live prices fetched for 7 instruments
2026-03-08 13:50:19: ✅ Live prices fetched for 7 instruments
2026-03-08 13:50:25: ✅ Yahoo Finance: 61 points for ^VIX (3mo)
2026-03-08 13:50:25: ✅ Yahoo Finance: 61 points for DX-Y.NYB (3mo)
2026-03-08 13:50:25: ✅ Yahoo Finance: 61 points for CL=F (3mo)
2026-03-08 13:50:25: ✅ Fetched 61 gold price points (Polygon)
2026-03-08 13:50:25: 📦 Returning cached gold data
2026-03-08 13:50:26: ✅ Yahoo Finance: 61 points for TLT (3mo)
2026-03-08 13:50:26: ✅ Yahoo Finance: 61 points for SPY (3mo)
2026-03-08 13:50:29: ✅ Live prices fetched for 7 instruments
2026-03-08 13:50:40: ✅ Live prices fetched for 7 instruments
2026-03-08 13:50:59: ✅ Live prices fetched for 7 instruments
2026-03-08 13:51:09: ✅ Live prices fetched for 7 instruments
2026-03-08 13:51:19: ✅ Live prices fetched for 7 instruments
2026-03-08 13:51:29: ✅ Live prices fetched for 7 instruments
2026-03-08 13:51:39: ✅ Live prices fetched for 7 instruments
2026-03-08 13:51:49: ✅ Live prices fetched for 7 instruments
2026-03-08 13:51:59: ✅ Live prices fetched for 7 instruments
2026-03-08 13:52:09: ✅ Live prices fetched for 7 instruments
2026-03-08 13:52:19: ✅ Live prices fetched for 7 instruments
2026-03-08 13:52:30: ✅ Live prices fetched for 7 instruments
2026-03-08 13:52:39: ✅ Live prices fetched for 7 instruments
2026-03-08 13:52:49: ✅ Live prices fetched for 7 instruments
2026-03-08 13:52:59: ✅ Live prices fetched for 7 instruments
2026-03-08 13:53:09: ✅ Live prices fetched for 7 instruments
2026-03-08 13:53:20: ✅ Live prices fetched for 7 instruments
2026-03-08 13:53:28: 📊 Building economic intelligence dashboard...
2026-03-08 13:53:28: 📊 Analyzing Non-Farm Payrolls (NFP) — fetching live from FRED...
2026-03-08 13:53:28: 📊 Analyzing CPI (m/m) — fetching live from FRED...
2026-03-08 13:53:28: 📊 Analyzing Unemployment Rate — fetching live from FRED...
2026-03-08 13:53:28: ✅ FedRate: 4.25% | forecast 4.25% | surprise 0
2026-03-08 13:53:28: 📊 Analyzing GDP q/q — fetching live from FRED A191RL1Q225SBEA...
2026-03-08 13:53:28: 📊 Analyzing Core PCE m/m — fetching live from FRED PCEPILFE...
2026-03-08 13:53:28: 📊 Analyzing Initial Jobless Claims — fetching live from FRED ICSA...
2026-03-08 13:53:28: 📊 Analyzing Retail Sales m/m — fetching live from FRED RSAFS...
2026-03-08 13:53:28: ✅ ISMManufacturing: 47.3 | forecast 49 | surprise -1.7
2026-03-08 13:53:28: ✅ ConsumerConf: 90.5 | forecast 98 | surprise -7.5
2026-03-08 13:53:29: ✓ FRED: Fetched 8 observations for A191RL1Q225SBEA
2026-03-08 13:53:29: ✅ GDP: 1.2% | forecast 1.8% | surprise -0.6%
2026-03-08 13:53:29: ✓ FRED: Fetched 14 observations for RSAFS
2026-03-08 13:53:29: ✅ Retail Sales: -0.4% | forecast -0.1% | surprise -0.3%
2026-03-08 13:53:29: ✓ FRED: Fetched 14 observations for PCEPILFE
2026-03-08 13:53:29: ✅ Core PCE: 0.4% | forecast 0.3% | surprise 0.1%
2026-03-08 13:53:29: ✓ FRED: Fetched 13 observations for CPIAUCSL
2026-03-08 13:53:29:   FRED CPIAUCSL latest m/m: 0.2% (date: 2026-01-01)
2026-03-08 13:53:29:   ⚠️  FRED lag detected for CPI: FRED=2026-01-01, BLS release=2026-02-13
2026-03-08 13:53:29:   ↳  Using config actual (0.2%) until FRED syncs
2026-03-08 13:53:29: ✅ CPI: 0.2% actual (FRED live) | 0.3% forecast | surprise -0.1%
2026-03-08 13:53:29: ✓ FRED: Fetched 14 observations for PAYEMS
2026-03-08 13:53:29:   FRED PAYEMS latest actual: -92K (date: 2026-02-01)
2026-03-08 13:53:29:   ⚠️  FRED lag detected for NFP: FRED=2026-02-01, BLS release=2026-03-06
2026-03-08 13:53:29:   ↳  Using config actual (-92K) until FRED syncs
2026-03-08 13:53:29: ✅ NFP: -92K actual (FRED live) | 58K forecast | surprise -150K
2026-03-08 13:53:29: ✓ FRED: Fetched 12 observations for ICSA
2026-03-08 13:53:29: ✅ Jobless Claims: 242K | forecast 225K | surprise 17K
2026-03-08 13:53:29: ✓ FRED: Fetched 11 observations for UNRATE
2026-03-08 13:53:29:   FRED UNRATE latest: 4.4% (date: 2026-02-01)
2026-03-08 13:53:29:   ⚠️  FRED lag detected for Unemployment: FRED=2026-02-01, BLS release=2026-03-06
2026-03-08 13:53:29:   ↳  Using config actual (4.1%) until FRED syncs
2026-03-08 13:53:29: ✅ Unemployment: 4.1% actual (FRED live) | 4% forecast | surprise 0.1%
2026-03-08 13:53:29: ✅ Economic Dashboard ready: Bullish for Gold
2026-03-08 13:53:29: ✓ Returning cached economic dashboard
2026-03-08 13:53:30: ✅ Live prices fetched for 7 instruments
2026-03-08 13:53:39: ✅ Live prices fetched for 7 instruments
2026-03-08 13:53:51: ✅ Live prices fetched for 7 instruments
2026-03-08 13:54:09: ✅ Live prices fetched for 7 instruments
2026-03-08 13:54:19: ✅ Live prices fetched for 7 instruments
2026-03-08 13:54:29: ✅ Live prices fetched for 7 instruments
2026-03-08 13:54:39: ✅ Live prices fetched for 7 instruments
2026-03-08 13:54:49: ✅ Live prices fetched for 7 instruments
2026-03-08 13:54:59: ✅ Live prices fetched for 7 instruments
2026-03-08 13:55:09: ✅ Live prices fetched for 7 instruments
2026-03-08 13:55:19: ✅ Live prices fetched for 7 instruments
2026-03-08 13:55:29: ✅ Live prices fetched for 7 instruments
2026-03-08 13:55:39: ✅ Live prices fetched for 7 instruments
2026-03-08 13:55:49: ✅ Live prices fetched for 7 instruments
2026-03-08 13:55:59: ✅ Live prices fetched for 7 instruments
2026-03-08 13:56:09: ✅ Live prices fetched for 7 instruments
2026-03-08 13:56:19: ✅ Live prices fetched for 7 instruments
2026-03-08 13:56:29: ✅ Live prices fetched for 7 instruments
2026-03-08 13:56:39: ✅ Live prices fetched for 7 instruments
2026-03-08 13:56:49: ✅ Live prices fetched for 7 instruments
2026-03-08 13:56:59: ✅ Live prices fetched for 7 instruments
2026-03-08 13:57:09: ✅ Live prices fetched for 7 instruments
2026-03-08 13:57:19: ✅ Live prices fetched for 7 instruments
2026-03-08 13:57:29: ✅ Live prices fetched for 7 instruments
2026-03-08 13:57:39: ✅ Live prices fetched for 7 instruments
2026-03-08 13:57:49: ✅ Live prices fetched for 7 instruments
2026-03-08 13:57:59: ✅ Live prices fetched for 7 instruments
2026-03-08 13:58:09: ✅ Live prices fetched for 7 instruments
2026-03-08 13:58:19: ✅ Live prices fetched for 7 instruments
2026-03-08 13:58:29: ✅ Live prices fetched for 7 instruments
2026-03-08 13:58:39: ✅ Live prices fetched for 7 instruments
2026-03-08 13:58:49: ✅ Live prices fetched for 7 instruments
2026-03-08 13:58:59: ✅ Live prices fetched for 7 instruments
2026-03-08 13:59:09: ✅ Live prices fetched for 7 instruments
2026-03-08 13:59:20: ✅ Live prices fetched for 7 instruments
2026-03-08 13:59:39: ✅ Live prices fetched for 7 instruments
2026-03-08 13:59:50: ✅ Live prices fetched for 7 instruments
2026-03-08 14:00:00: ✅ Live prices fetched for 7 instruments
2026-03-08 14:00:10: ✅ Live prices fetched for 7 instruments
2026-03-08 14:00:20: ✅ Live prices fetched for 7 instruments
2026-03-08 14:00:30: ✅ Live prices fetched for 7 instruments
2026-03-08 14:00:39: ✅ Live prices fetched for 7 instruments
2026-03-08 14:00:49: ✅ Live prices fetched for 7 instruments
2026-03-08 14:00:59: ✅ Live prices fetched for 7 instruments
2026-03-08 14:01:09: ✅ Live prices fetched for 7 instruments
2026-03-08 14:01:19: ✅ Live prices fetched for 7 instruments
2026-03-08 14:01:29: ✅ Live prices fetched for 7 instruments
2026-03-08 14:01:40: ✅ Live prices fetched for 7 instruments
2026-03-08 14:01:50: ✅ Live prices fetched for 7 instruments
2026-03-08 14:01:59: ✅ Live prices fetched for 7 instruments
2026-03-08 14:02:09: ✅ Live prices fetched for 7 instruments
2026-03-08 14:02:19: ✅ Live prices fetched for 7 instruments
2026-03-08 14:02:29: ✅ Live prices fetched for 7 instruments
2026-03-08 14:02:39: ✅ Live prices fetched for 7 instruments
2026-03-08 14:02:50: ✅ Live prices fetched for 7 instruments
2026-03-08 14:03:00: ✅ Live prices fetched for 7 instruments
2026-03-08 14:03:09: ✅ Live prices fetched for 7 instruments
2026-03-08 14:03:20: ✅ Live prices fetched for 7 instruments
2026-03-08 14:03:29: ✅ Live prices fetched for 7 instruments
2026-03-08 14:03:36: ✓ Returning cached economic dashboard
2026-03-08 14:03:36: ✓ Returning cached economic dashboard
2026-03-08 14:03:41: ✅ Live prices fetched for 7 instruments
2026-03-08 14:04:00: ✅ Live prices fetched for 7 instruments
2026-03-08 14:04:12: ✅ Live prices fetched for 7 instruments
2026-03-08 14:04:16: 🆓 Attempting FREE API sources (FMP, EconDB)...
2026-03-08 14:04:16: 🚀 Fetching from FREE APIs...
2026-03-08 14:04:16: ⚠️  NOTE: Most free economic calendar APIs are unavailable:
2026-03-08 14:04:16:    - FMP: Economic calendar is legacy-only (pre-Aug 2025 users)
2026-03-08 14:04:16:    - EconDB: Historical only, no forecasts
2026-03-08 14:04:16:    - Trading Economics: Requires $199/month API key
2026-03-08 14:04:16:    - Investing.com: Blocks automated access (403)
2026-03-08 14:04:16:    - ForexFactory: Blocks automated access
2026-03-08 14:04:16: 
2026-03-08 14:04:16: 📋 Using config file with manually entered values...
2026-03-08 14:04:16: 💡 TIP: For real-time automation, Trading Economics API ($199/mo) is recommended
2026-03-08 14:04:16: 📡 Trying EconDB (historical data only)...
2026-03-08 14:04:16: ✓ Returning cached economic dashboard
2026-03-08 14:04:16: ✓ Returning cached economic dashboard
2026-03-08 14:04:17: ⚠️  EconDB: Failed to fetch CPIUS
2026-03-08 14:04:17: ⚠️  EconDB: Failed to fetch UNRAUS
2026-03-08 14:04:18: ⚠️  EconDB: Failed to fetch PAYEMUS
2026-03-08 14:04:18: 📡 Trying Trading Economics public data...
2026-03-08 14:04:18: 📡 Fetching from Trading Economics public feed...
2026-03-08 14:04:20: ⚠️  Trading Economics requires HTML parsing (not implemented)
2026-03-08 14:04:20: ❌ All free APIs exhausted - using config file fallback
2026-03-08 14:04:20: ✓ Using verified config file data (Fair Economy 2026)
2026-03-08 14:04:20: ✓ Calendar ready: 17 indicators from Verified Config (Fair Economy)
2026-03-08 14:04:20: ✓ Returning cached calendar data
2026-03-08 14:04:29: ✅ Live prices fetched for 7 instruments
2026-03-08 14:04:39: ✅ Live prices fetched for 7 instruments
2026-03-08 14:04:49: ✅ Live prices fetched for 7 instruments
2026-03-08 14:05:00: ✅ Live prices fetched for 7 instruments
2026-03-08 14:05:06: ✅ Fetched 61 gold price points (Polygon)
2026-03-08 14:05:06: 📦 Returning cached gold data
2026-03-08 14:05:06: ✅ Yahoo Finance: 61 points for DX-Y.NYB (3mo)
2026-03-08 14:05:07: ✅ Yahoo Finance: 61 points for CL=F (3mo)
2026-03-08 14:05:07: ✅ Yahoo Finance: 61 points for ^VIX (3mo)
2026-03-08 14:05:07: ✅ Yahoo Finance: 61 points for TLT (3mo)
2026-03-08 14:05:08: ✅ Yahoo Finance: 61 points for SPY (3mo)
2026-03-08 14:05:10: ✅ Live prices fetched for 7 instruments
2026-03-08 14:05:20: ✅ Live prices fetched for 7 instruments
2026-03-08 14:05:31: ✅ Live prices fetched for 7 instruments
2026-03-08 14:05:31: ✅ Fetched 34 relevant articles
2026-03-08 14:05:50: ✅ Live prices fetched for 7 instruments
2026-03-08 14:05:59: 📦 Returning cached news
2026-03-08 14:06:32: ✅ Fetched 34 relevant articles
2026-03-08 14:06:52: ✅ Live prices fetched for 7 instruments
2026-03-08 14:07:01: 📦 Returning cached news
2026-03-08 14:07:41: ✅ Fetched 34 relevant articles
2026-03-08 14:07:52: ✅ Live prices fetched for 7 instruments
2026-03-08 14:08:01: 📦 Returning cached news
2026-03-08 14:08:32: ✅ Fetched 34 relevant articles
2026-03-08 14:08:53: ✅ Live prices fetched for 7 instruments
2026-03-08 14:09:56: ✅ Live prices fetched for 7 instruments
2026-03-08 14:10:57: ✅ Live prices fetched for 7 instruments
2026-03-08 14:11:59: ✅ Live prices fetched for 7 instruments
2026-03-08 14:12:56: ✅ Live prices fetched for 7 instruments
2026-03-08 14:13:56: ✅ Live prices fetched for 7 instruments
2026-03-08 14:14:56: ✅ Live prices fetched for 7 instruments
2026-03-08 14:15:58: ✅ Live prices fetched for 7 instruments
2026-03-08 14:16:56: ✅ Live prices fetched for 7 instruments
2026-03-08 14:17:56: ✅ Live prices fetched for 7 instruments
2026-03-08 14:18:42: ✅ Live prices fetched for 7 instruments
2026-03-08 14:19:00: ✅ Live prices fetched for 7 instruments
2026-03-08 14:19:10: ✅ Live prices fetched for 7 instruments
2026-03-08 14:19:20: ✅ Live prices fetched for 7 instruments
2026-03-08 14:19:40: ✅ Live prices fetched for 7 instruments
2026-03-08 14:19:50: ✅ Live prices fetched for 7 instruments
2026-03-08 14:20:00: ✅ Live prices fetched for 7 instruments
2026-03-08 14:20:11: ✅ Live prices fetched for 7 instruments
2026-03-08 14:20:30: ✅ Live prices fetched for 7 instruments
2026-03-08 14:20:40: ✅ Live prices fetched for 7 instruments
2026-03-08 14:20:51: ✅ Live prices fetched for 7 instruments
2026-03-08 14:21:11: ✅ Live prices fetched for 7 instruments
2026-03-08 14:21:30: ✅ Live prices fetched for 7 instruments
2026-03-08 14:21:40: ✅ Live prices fetched for 7 instruments
2026-03-08 14:21:50: ✅ Live prices fetched for 7 instruments
2026-03-08 14:22:00: ✅ Live prices fetched for 7 instruments
2026-03-08 14:22:20: ✅ Live prices fetched for 7 instruments
2026-03-08 14:22:30: ✅ Live prices fetched for 7 instruments
2026-03-08 14:22:40: ✅ Live prices fetched for 7 instruments
2026-03-08 14:22:50: ✅ Live prices fetched for 7 instruments
2026-03-08 14:23:00: ✅ Live prices fetched for 7 instruments
2026-03-08 14:23:10: ✅ Live prices fetched for 7 instruments
2026-03-08 14:23:20: ✅ Live prices fetched for 7 instruments
2026-03-08 14:23:30: ✅ Live prices fetched for 7 instruments
2026-03-08 14:23:39: ✅ Live prices fetched for 7 instruments
2026-03-08 14:23:50: ✅ Live prices fetched for 7 instruments
2026-03-08 14:23:59: ✅ Live prices fetched for 7 instruments
2026-03-08 14:24:10: ✅ Live prices fetched for 7 instruments
2026-03-08 14:24:20: ✅ Live prices fetched for 7 instruments
2026-03-08 14:24:30: ✅ Live prices fetched for 7 instruments
2026-03-08 14:24:40: ✅ Live prices fetched for 7 instruments
2026-03-08 14:24:50: ✅ Live prices fetched for 7 instruments
2026-03-08 14:25:00: ✅ Live prices fetched for 7 instruments
2026-03-08 14:25:10: ✅ Live prices fetched for 7 instruments
2026-03-08 14:25:20: ✅ Live prices fetched for 7 instruments
2026-03-08 14:25:30: ✅ Live prices fetched for 7 instruments
2026-03-08 14:25:39: ✅ Live prices fetched for 7 instruments
2026-03-08 14:25:50: ✅ Live prices fetched for 7 instruments
2026-03-08 14:26:00: ✅ Live prices fetched for 7 instruments
2026-03-08 14:26:10: ✅ Live prices fetched for 7 instruments
2026-03-08 14:26:20: ✅ Live prices fetched for 7 instruments
2026-03-08 14:26:30: ✅ Live prices fetched for 7 instruments
2026-03-08 14:26:40: ✅ Live prices fetched for 7 instruments
2026-03-08 14:26:50: ✅ Live prices fetched for 7 instruments
2026-03-08 14:27:00: ✅ Live prices fetched for 7 instruments
2026-03-08 14:27:10: ✅ Live prices fetched for 7 instruments
2026-03-08 14:27:20: ✅ Live prices fetched for 7 instruments
2026-03-08 14:27:30: ✅ Live prices fetched for 7 instruments
2026-03-08 14:27:40: ✅ Live prices fetched for 7 instruments
2026-03-08 14:27:50: ✅ Live prices fetched for 7 instruments
2026-03-08 14:28:00: ✅ Live prices fetched for 7 instruments
2026-03-08 14:28:20: ✅ Live prices fetched for 7 instruments
2026-03-08 14:28:30: ✅ Live prices fetched for 7 instruments
2026-03-08 14:28:40: ✅ Live prices fetched for 7 instruments
2026-03-08 14:28:50: ✅ Live prices fetched for 7 instruments
2026-03-08 14:29:00: ✅ Live prices fetched for 7 instruments
2026-03-08 14:29:10: ✅ Live prices fetched for 7 instruments
2026-03-08 14:29:20: ✅ Live prices fetched for 7 instruments
2026-03-08 14:29:30: ✅ Live prices fetched for 7 instruments
2026-03-08 14:29:40: ✅ Live prices fetched for 7 instruments
2026-03-08 14:29:50: ✅ Live prices fetched for 7 instruments
2026-03-08 14:30:00: ✅ Live prices fetched for 7 instruments
2026-03-08 14:30:10: ✅ Live prices fetched for 7 instruments
2026-03-08 14:31:05: ✅ Serving built React frontend from client/dist
2026-03-08 14:31:21: ✅ Serving built React frontend from client/dist
2026-03-08 14:31:31: ✅ Serving built React frontend from client/dist
2026-03-08 14:31:38: ✅ Serving built React frontend from client/dist
2026-03-08 14:31:44: ✅ Serving built React frontend from client/dist
2026-03-08 14:31:52: ✅ Serving built React frontend from client/dist
2026-03-08 14:31:57: ✅ Serving built React frontend from client/dist
2026-03-08 14:32:04: ✅ Serving built React frontend from client/dist
2026-03-08 14:32:10: ✅ Serving built React frontend from client/dist
2026-03-08 14:32:17: ✅ Serving built React frontend from client/dist
2026-03-08 14:32:24: ✅ Serving built React frontend from client/dist
2026-03-08 14:32:30: ✅ Serving built React frontend from client/dist
2026-03-08 14:32:37: ✅ Serving built React frontend from client/dist
2026-03-08 14:32:42: ✅ Serving built React frontend from client/dist
2026-03-08 14:32:49: ✅ Serving built React frontend from client/dist
2026-03-08 14:32:54: ✅ Serving built React frontend from client/dist
2026-03-08 14:33:00: ✅ Serving built React frontend from client/dist
2026-03-08 14:33:00: 🚀 Server running on port 5000
2026-03-08 14:33:00: 📊 Financial News Dashboard API
2026-03-08 14:33:00: 🔑 API Key configured: Yes
2026-03-08 14:33:02: ✅ Live prices fetched for 7 instruments
2026-03-08 14:33:20: ✅ Live prices fetched for 7 instruments
2026-03-08 14:33:30: ✅ Live prices fetched for 7 instruments
2026-03-08 14:33:32: 🔑 API Key Manager initialized with 2 keys
2026-03-08 14:33:33: ✅ Yahoo Finance: 61 points for DX-Y.NYB (3mo)
2026-03-08 14:33:33: ✅ Yahoo Finance: 61 points for ^VIX (3mo)
2026-03-08 14:33:33: ✅ Yahoo Finance: 61 points for CL=F (3mo)
2026-03-08 14:33:33: ✅ Fetched 61 gold price points (Polygon)
2026-03-08 14:33:33: 📦 Returning cached gold data
2026-03-08 14:33:34: ✅ Yahoo Finance: 61 points for TLT (3mo)
2026-03-08 14:33:34: ✅ Yahoo Finance: 61 points for SPY (3mo)
2026-03-08 14:33:43: ✅ Live prices fetched for 7 instruments
2026-03-08 14:34:00: ✅ Live prices fetched for 7 instruments
2026-03-08 14:34:10: ✅ Live prices fetched for 7 instruments
2026-03-08 14:34:20: ✅ Live prices fetched for 7 instruments
2026-03-08 14:34:33: ✅ Serving built React frontend from client/dist
2026-03-08 14:34:33: 🚀 Server running on port 5000
2026-03-08 14:34:33: 📊 Financial News Dashboard API
2026-03-08 14:34:33: 🔑 API Key configured: Yes
2026-03-08 14:34:40: ✅ Live prices fetched for 7 instruments
2026-03-08 14:34:50: ✅ Live prices fetched for 7 instruments
2026-03-08 14:35:00: ✅ Live prices fetched for 7 instruments
2026-03-08 14:35:10: ✅ Live prices fetched for 7 instruments
2026-03-08 14:35:20: ✅ Live prices fetched for 7 instruments
2026-03-08 14:35:40: ✅ Live prices fetched for 7 instruments
2026-03-08 14:35:50: ✅ Live prices fetched for 7 instruments
2026-03-08 14:36:00: ✅ Live prices fetched for 7 instruments
2026-03-08 14:36:10: ✅ Live prices fetched for 7 instruments
2026-03-08 14:36:23: 🔑 API Key Manager initialized with 2 keys
2026-03-08 14:36:24: ✅ Live prices fetched for 7 instruments
2026-03-08 14:36:24: ✅ Fetched 61 gold price points (Polygon)
2026-03-08 14:36:25: ✅ Yahoo Finance: 61 points for CL=F (3mo)
2026-03-08 14:36:25: ✅ Yahoo Finance: 61 points for DX-Y.NYB (3mo)
2026-03-08 14:36:25: ✅ Yahoo Finance: 61 points for ^VIX (3mo)
2026-03-08 14:36:25: 📦 Returning cached gold data
2026-03-08 14:36:25: ✅ Yahoo Finance: 61 points for TLT (3mo)
2026-03-08 14:36:25: ✅ Live prices fetched for 7 instruments
2026-03-08 14:36:25: ✅ Yahoo Finance: 61 points for SPY (3mo)
2026-03-08 14:36:35: ✅ Live prices fetched for 7 instruments
2026-03-08 14:36:50: ✅ Live prices fetched for 7 instruments
2026-03-08 14:37:00: ✅ Live prices fetched for 7 instruments
2026-03-08 14:37:10: ✅ Live prices fetched for 7 instruments
2026-03-08 14:37:20: ✅ Live prices fetched for 7 instruments
2026-03-08 14:37:29: ✅ Live prices fetched for 7 instruments
2026-03-08 14:37:40: ✅ Live prices fetched for 7 instruments
2026-03-08 14:37:50: ✅ Live prices fetched for 7 instruments
2026-03-08 14:38:01: ✅ Live prices fetched for 7 instruments
2026-03-08 14:38:20: ✅ Live prices fetched for 7 instruments
2026-03-08 14:38:30: ✅ Live prices fetched for 7 instruments
2026-03-08 14:38:40: ✅ Live prices fetched for 7 instruments
2026-03-08 14:38:50: ✅ Live prices fetched for 7 instruments
2026-03-08 14:39:00: ✅ Live prices fetched for 7 instruments
2026-03-08 14:39:21: ✅ Live prices fetched for 7 instruments
2026-03-08 14:39:43: ✅ Live prices fetched for 7 instruments
2026-03-08 14:39:59: ✅ Live prices fetched for 7 instruments
2026-03-08 14:40:10: ✅ Live prices fetched for 7 instruments
2026-03-08 14:40:20: ✅ Live prices fetched for 7 instruments
2026-03-08 14:40:30: ✅ Live prices fetched for 7 instruments
2026-03-08 14:40:40: ✅ Live prices fetched for 7 instruments
2026-03-08 14:40:50: ✅ Live prices fetched for 7 instruments
2026-03-08 14:41:00: ✅ Live prices fetched for 7 instruments
2026-03-08 14:41:10: ✅ Live prices fetched for 7 instruments
2026-03-08 14:41:20: ✅ Live prices fetched for 7 instruments
2026-03-08 14:41:30: ✅ Live prices fetched for 7 instruments
2026-03-08 14:41:40: ✅ Live prices fetched for 7 instruments
2026-03-08 14:41:51: ✅ Live prices fetched for 7 instruments
2026-03-08 14:42:10: ✅ Live prices fetched for 7 instruments
2026-03-08 14:42:22: ✅ Live prices fetched for 7 instruments
2026-03-08 14:42:40: ✅ Live prices fetched for 7 instruments
2026-03-08 14:42:51: ✅ Live prices fetched for 7 instruments
2026-03-08 14:43:10: ✅ Live prices fetched for 7 instruments
2026-03-08 14:43:20: ✅ Live prices fetched for 7 instruments
2026-03-08 14:43:30: ✅ Live prices fetched for 7 instruments
2026-03-08 14:43:40: ✅ Live prices fetched for 7 instruments
2026-03-08 14:43:50: ✅ Live prices fetched for 7 instruments
2026-03-08 14:44:00: ✅ Live prices fetched for 7 instruments
2026-03-08 14:44:10: ✅ Live prices fetched for 7 instruments
2026-03-08 14:44:20: ✅ Live prices fetched for 7 instruments
2026-03-08 14:44:30: ✅ Live prices fetched for 7 instruments
2026-03-08 14:44:40: ✅ Live prices fetched for 7 instruments
2026-03-08 14:44:51: ✅ Live prices fetched for 7 instruments
2026-03-08 14:45:10: ✅ Live prices fetched for 7 instruments
2026-03-08 14:45:20: ✅ Live prices fetched for 7 instruments
2026-03-08 14:45:32: ✅ Live prices fetched for 7 instruments
2026-03-08 14:45:50: ✅ Live prices fetched for 7 instruments
2026-03-08 14:46:02: ✅ Live prices fetched for 7 instruments
2026-03-08 14:46:20: ✅ Live prices fetched for 7 instruments
2026-03-08 14:46:30: ✅ Live prices fetched for 7 instruments
2026-03-08 14:46:40: ✅ Live prices fetched for 7 instruments
2026-03-08 14:46:53: ✅ Live prices fetched for 7 instruments
2026-03-08 14:47:10: ✅ Live prices fetched for 7 instruments
2026-03-08 14:47:20: ✅ Live prices fetched for 7 instruments
2026-03-08 14:47:30: ✅ Live prices fetched for 7 instruments
2026-03-08 14:47:40: ✅ Live prices fetched for 7 instruments
2026-03-08 14:47:50: ✅ Live prices fetched for 7 instruments
2026-03-08 14:48:00: ✅ Live prices fetched for 7 instruments
2026-03-08 14:48:10: ✅ Live prices fetched for 7 instruments
2026-03-08 14:48:20: ✅ Live prices fetched for 7 instruments
2026-03-08 14:48:30: ✅ Live prices fetched for 7 instruments
2026-03-08 14:48:40: ✅ Live prices fetched for 7 instruments
2026-03-08 14:48:50: ✅ Live prices fetched for 7 instruments
2026-03-08 14:48:56: ✅ Fetched 61 gold price points (Polygon)
2026-03-08 14:48:56: ✅ Fetched 61 gold price points (Polygon)
2026-03-08 14:48:56: ✅ Yahoo Finance: 61 points for DX-Y.NYB (3mo)
2026-03-08 14:48:56: ✅ Yahoo Finance: 61 points for DX-Y.NYB (3mo)
2026-03-08 14:48:57: ⚠️  Rate limit hit with key #1, rotating...
2026-03-08 14:48:57: ❌ API Key #1 hit rate limit (fail count: 1)
2026-03-08 14:48:57: 🔄 Rotating from Key #1 to Key #2
2026-03-08 14:48:57: 🔄 Retrying with next key (attempt 2/3)...
2026-03-08 14:48:57: ✅ Yahoo Finance: 61 points for TLT (3mo)
2026-03-08 14:48:57: ✅ Yahoo Finance: 61 points for TLT (3mo)
2026-03-08 14:48:57: ✅ Yahoo Finance: 61 points for SPY (3mo)
2026-03-08 14:48:57: ✅ Yahoo Finance: 61 points for CL=F (3mo)
2026-03-08 14:48:57: ✅ Yahoo Finance: 61 points for ^VIX (3mo)
2026-03-08 14:48:57: ✅ Yahoo Finance: 61 points for SPY (3mo)
2026-03-08 14:48:58: ✅ Yahoo Finance: 61 points for CL=F (3mo)
2026-03-08 14:49:00: ✅ Live prices fetched for 7 instruments
2026-03-08 14:49:10: ✅ Live prices fetched for 7 instruments
2026-03-08 14:49:20: ✅ Live prices fetched for 7 instruments
2026-03-08 14:49:30: ✅ Live prices fetched for 7 instruments
2026-03-08 14:49:39: ✅ Live prices fetched for 7 instruments
2026-03-08 14:49:49: ✅ Live prices fetched for 7 instruments
2026-03-08 14:50:00: ✅ Live prices fetched for 7 instruments
2026-03-08 14:50:10: ✅ Live prices fetched for 7 instruments
2026-03-08 14:50:20: ✅ Live prices fetched for 7 instruments
2026-03-08 14:50:30: ✅ Live prices fetched for 7 instruments
2026-03-08 14:50:40: ✅ Live prices fetched for 7 instruments
2026-03-08 14:50:50: ✅ Live prices fetched for 7 instruments
2026-03-08 14:51:00: ✅ Live prices fetched for 7 instruments
2026-03-08 14:51:10: ✅ Live prices fetched for 7 instruments
2026-03-08 14:51:20: ✅ Live prices fetched for 7 instruments
2026-03-08 14:51:30: ✅ Live prices fetched for 7 instruments
2026-03-08 14:51:40: ✅ Live prices fetched for 7 instruments
2026-03-08 14:51:50: ✅ Live prices fetched for 7 instruments
2026-03-08 14:52:00: ✅ Live prices fetched for 7 instruments
2026-03-08 14:52:10: ✅ Live prices fetched for 7 instruments
2026-03-08 14:52:20: ✅ Live prices fetched for 7 instruments
2026-03-08 14:52:30: ✅ Live prices fetched for 7 instruments
2026-03-08 14:52:40: ✅ Live prices fetched for 7 instruments
2026-03-08 14:52:50: ✅ Live prices fetched for 7 instruments
2026-03-08 14:53:00: ✅ Live prices fetched for 7 instruments
2026-03-08 14:53:10: ✅ Live prices fetched for 7 instruments
2026-03-08 14:53:11: 📦 Returning cached gold data
2026-03-08 14:53:11: 📦 Returning cached gold data
2026-03-08 14:53:20: ✅ Live prices fetched for 7 instruments
2026-03-08 14:53:30: ✅ Live prices fetched for 7 instruments
2026-03-08 14:53:40: ✅ Live prices fetched for 7 instruments
2026-03-08 14:53:50: ✅ Live prices fetched for 7 instruments
2026-03-08 14:54:00: ✅ Live prices fetched for 7 instruments
2026-03-08 14:54:10: ✅ Live prices fetched for 7 instruments
2026-03-08 14:54:20: ✅ Live prices fetched for 7 instruments
2026-03-08 14:54:30: ✅ Live prices fetched for 7 instruments
2026-03-08 14:54:40: ✅ Live prices fetched for 7 instruments
2026-03-08 14:54:50: ✅ Live prices fetched for 7 instruments
2026-03-08 14:55:00: ✅ Live prices fetched for 7 instruments
2026-03-08 14:55:10: ✅ Live prices fetched for 7 instruments
2026-03-08 14:55:20: ✅ Live prices fetched for 7 instruments
2026-03-08 14:55:30: ✅ Live prices fetched for 7 instruments
2026-03-08 14:55:50: ✅ Live prices fetched for 7 instruments
2026-03-08 14:56:00: ✅ Live prices fetched for 7 instruments
2026-03-08 14:56:16: ✅ Live prices fetched for 7 instruments
2026-03-08 14:56:30: ✅ Live prices fetched for 7 instruments
2026-03-08 14:56:40: ✅ Live prices fetched for 7 instruments
2026-03-08 14:56:50: ✅ Live prices fetched for 7 instruments
2026-03-08 14:57:00: ✅ Live prices fetched for 7 instruments
2026-03-08 14:57:10: ✅ Live prices fetched for 7 instruments
2026-03-08 14:57:20: ✅ Live prices fetched for 7 instruments
2026-03-08 14:57:30: ✅ Live prices fetched for 7 instruments
2026-03-08 14:57:40: ✅ Live prices fetched for 7 instruments
2026-03-08 14:57:50: ✅ Live prices fetched for 7 instruments
2026-03-08 14:58:00: ✅ Live prices fetched for 7 instruments
2026-03-08 14:58:10: ✅ Live prices fetched for 7 instruments
2026-03-08 14:58:20: ✅ Live prices fetched for 7 instruments
2026-03-08 14:58:30: ✅ Live prices fetched for 7 instruments
2026-03-08 14:58:50: ✅ Live prices fetched for 7 instruments
2026-03-08 14:59:00: ✅ Live prices fetched for 7 instruments
2026-03-08 14:59:10: ✅ Live prices fetched for 7 instruments
2026-03-08 14:59:20: ✅ Live prices fetched for 7 instruments
2026-03-08 14:59:21: ✅ Live prices fetched for 7 instruments
2026-03-08 14:59:36: ✅ Yahoo Finance: 61 points for CL=F (3mo)
2026-03-08 14:59:36: ✅ Live prices fetched for 7 instruments
2026-03-08 14:59:36: ✅ Yahoo Finance: 61 points for SPY (3mo)
2026-03-08 14:59:36: ✅ Yahoo Finance: 61 points for DX-Y.NYB (3mo)
2026-03-08 14:59:37: ✅ Yahoo Finance: 61 points for GLD (3mo)
2026-03-08 14:59:37: 📦 Returning cached gold data
2026-03-08 14:59:37: ✅ Yahoo Finance: 61 points for TLT (3mo)
2026-03-08 14:59:37: ✅ Yahoo Finance: 61 points for ^VIX (3mo)
2026-03-08 14:59:50: ✅ Live prices fetched for 7 instruments
2026-03-08 14:59:51: ✅ Live prices fetched for 7 instruments
2026-03-08 15:00:01: ✅ Live prices fetched for 7 instruments
2026-03-08 15:00:11: ✅ Live prices fetched for 7 instruments
2026-03-08 15:00:21: ✅ Live prices fetched for 7 instruments
2026-03-08 15:00:31: ✅ Live prices fetched for 7 instruments
2026-03-08 15:00:50: ✅ Live prices fetched for 7 instruments
2026-03-08 15:01:00: 📦 Returning cached gold data
2026-03-08 15:01:00: ✅ Live prices fetched for 7 instruments
2026-03-08 15:01:00: 📦 Returning cached gold data
2026-03-08 15:01:01: ✅ Live prices fetched for 7 instruments
2026-03-08 15:01:11: ✅ Live prices fetched for 7 instruments
2026-03-08 15:01:21: ✅ Live prices fetched for 7 instruments
2026-03-08 15:01:31: ✅ Live prices fetched for 7 instruments
2026-03-08 15:01:41: ✅ Live prices fetched for 7 instruments
2026-03-08 15:01:51: ✅ Live prices fetched for 7 instruments
2026-03-08 15:02:01: ✅ Live prices fetched for 7 instruments
2026-03-08 15:02:12: ✅ Live prices fetched for 7 instruments
2026-03-08 15:02:22: ✅ Live prices fetched for 7 instruments
2026-03-08 15:02:32: ✅ Live prices fetched for 7 instruments
2026-03-08 15:02:42: ✅ Live prices fetched for 7 instruments
2026-03-08 15:02:52: ✅ Live prices fetched for 7 instruments
2026-03-08 15:03:02: ✅ Live prices fetched for 7 instruments
2026-03-08 15:03:20: ✅ Live prices fetched for 7 instruments
2026-03-08 15:03:30: ✅ Live prices fetched for 7 instruments
2026-03-08 15:03:40: ✅ Live prices fetched for 7 instruments
2026-03-08 15:03:50: ✅ Live prices fetched for 7 instruments
2026-03-08 15:04:00: ✅ Live prices fetched for 7 instruments
2026-03-08 15:04:10: ✅ Live prices fetched for 7 instruments
2026-03-08 15:04:20: ✅ Live prices fetched for 7 instruments
2026-03-08 15:04:30: ✅ Live prices fetched for 7 instruments
2026-03-08 15:04:40: ✅ Live prices fetched for 7 instruments
2026-03-08 15:04:50: ✅ Live prices fetched for 7 instruments
2026-03-08 15:05:00: ✅ Live prices fetched for 7 instruments
2026-03-08 15:05:10: ✅ Live prices fetched for 7 instruments
2026-03-08 15:05:20: ✅ Live prices fetched for 7 instruments
2026-03-08 15:05:30: ✅ Live prices fetched for 7 instruments
2026-03-08 15:05:40: ✅ Live prices fetched for 7 instruments
2026-03-08 15:05:51: ✅ Live prices fetched for 7 instruments
2026-03-08 15:05:55: ✅ Yahoo Finance: 61 points for DX-Y.NYB (3mo)
2026-03-08 15:05:56: ✅ Yahoo Finance: 61 points for ^VIX (3mo)
2026-03-08 15:05:56: ✅ Yahoo Finance: 61 points for CL=F (3mo)
2026-03-08 15:05:56: ✅ Yahoo Finance: 91 points for BTC-USD (3mo)
2026-03-08 15:05:56: ✅ Yahoo Finance: 61 points for SPY (3mo)
2026-03-08 15:05:57: ✅ Yahoo Finance: 61 points for GLD (3mo)
2026-03-08 15:05:57: 📦 Returning cached gold data
2026-03-08 15:05:57: ✅ Yahoo Finance: 61 points for TLT (3mo)
2026-03-08 15:06:05: 📦 Returning cached gold data
2026-03-08 15:06:05: 📦 Returning cached gold data
2026-03-08 15:06:07: ✅ Live prices fetched for 7 instruments
2026-03-08 15:06:15: 📦 Returning cached gold data
2026-03-08 15:06:15: 📦 Returning cached gold data
2026-03-08 15:06:17: ✅ Live prices fetched for 7 instruments
2026-03-08 15:06:27: ✅ Live prices fetched for 7 instruments
2026-03-08 15:06:37: ✅ Live prices fetched for 7 instruments
2026-03-08 15:06:47: ✅ Live prices fetched for 7 instruments
2026-03-08 15:07:02: ✅ Live prices fetched for 7 instruments
2026-03-08 15:07:04: ✅ Live prices fetched for 7 instruments
2026-03-08 15:07:17: ✅ Live prices fetched for 7 instruments
2026-03-08 15:07:32: ✅ Live prices fetched for 7 instruments
2026-03-08 15:07:34: ✅ Live prices fetched for 7 instruments
2026-03-08 15:07:50: ✅ Live prices fetched for 7 instruments
2026-03-08 15:07:51: ✅ Live prices fetched for 7 instruments
2026-03-08 15:08:10: ✅ Live prices fetched for 7 instruments
2026-03-08 15:08:20: ✅ Live prices fetched for 7 instruments
2026-03-08 15:08:30: ✅ Live prices fetched for 7 instruments
2026-03-08 15:08:40: ✅ Live prices fetched for 7 instruments
2026-03-08 15:09:00: ✅ Live prices fetched for 7 instruments
2026-03-08 15:09:10: ✅ Live prices fetched for 7 instruments
2026-03-08 15:09:30: ✅ Live prices fetched for 7 instruments
2026-03-08 15:09:40: ✅ Live prices fetched for 7 instruments
2026-03-08 15:09:50: ✅ Live prices fetched for 7 instruments
2026-03-08 15:10:00: ✅ Live prices fetched for 7 instruments
2026-03-08 15:10:10: ✅ Live prices fetched for 7 instruments
2026-03-08 15:10:20: ✅ Live prices fetched for 7 instruments
2026-03-08 15:10:30: ✅ Live prices fetched for 7 instruments
2026-03-08 15:10:40: ✅ Live prices fetched for 7 instruments
2026-03-08 15:10:50: ✅ Live prices fetched for 7 instruments
2026-03-08 15:10:50: ✅ Live prices fetched for 7 instruments
2026-03-08 15:11:00: ✅ Live prices fetched for 7 instruments
2026-03-08 15:11:10: ✅ Live prices fetched for 7 instruments
2026-03-08 15:11:20: ✅ Live prices fetched for 7 instruments
2026-03-08 15:11:30: ✅ Live prices fetched for 7 instruments
2026-03-08 15:11:39: ✅ Live prices fetched for 7 instruments
2026-03-08 15:11:50: ✅ Live prices fetched for 7 instruments
2026-03-08 15:11:51: ✅ Live prices fetched for 7 instruments
2026-03-08 15:12:10: ✅ Live prices fetched for 7 instruments
2026-03-08 15:12:20: ✅ Live prices fetched for 7 instruments
2026-03-08 15:12:30: ✅ Live prices fetched for 7 instruments
2026-03-08 15:12:40: ✅ Live prices fetched for 7 instruments
2026-03-08 15:12:50: ✅ Live prices fetched for 7 instruments
2026-03-08 15:13:00: ✅ Live prices fetched for 7 instruments
2026-03-08 15:13:10: ✅ Live prices fetched for 7 instruments
2026-03-08 15:13:20: ✅ Live prices fetched for 7 instruments
2026-03-08 15:13:30: ✅ Live prices fetched for 7 instruments
2026-03-08 15:13:40: ✅ Live prices fetched for 7 instruments
2026-03-08 15:13:50: ✅ Live prices fetched for 7 instruments
2026-03-08 15:14:00: ✅ Live prices fetched for 7 instruments
2026-03-08 15:14:10: ✅ Live prices fetched for 7 instruments
2026-03-08 15:14:20: ✅ Live prices fetched for 7 instruments
2026-03-08 15:14:30: ✅ Live prices fetched for 7 instruments
2026-03-08 15:14:40: ✅ Live prices fetched for 7 instruments
2026-03-08 15:14:49: ✅ Live prices fetched for 7 instruments
2026-03-08 15:15:00: ✅ Live prices fetched for 7 instruments
2026-03-08 15:15:10: ✅ Live prices fetched for 7 instruments
2026-03-08 15:15:20: ✅ Live prices fetched for 7 instruments
2026-03-08 15:15:30: ✅ Live prices fetched for 7 instruments
2026-03-08 15:15:40: ✅ Live prices fetched for 7 instruments
2026-03-08 15:15:50: ✅ Live prices fetched for 7 instruments
2026-03-08 15:16:00: ✅ Live prices fetched for 7 instruments
2026-03-08 15:16:10: ✅ Live prices fetched for 7 instruments
2026-03-08 15:16:20: ✅ Live prices fetched for 7 instruments
2026-03-08 15:16:29: ✅ Live prices fetched for 7 instruments
2026-03-08 15:16:40: ✅ Live prices fetched for 7 instruments
2026-03-08 15:16:50: ✅ Live prices fetched for 7 instruments
2026-03-08 15:17:00: ✅ Live prices fetched for 7 instruments
2026-03-08 15:17:10: ✅ Live prices fetched for 7 instruments
2026-03-08 15:17:20: ✅ Live prices fetched for 7 instruments
2026-03-08 15:17:30: ✅ Live prices fetched for 7 instruments
2026-03-08 15:17:40: ✅ Live prices fetched for 7 instruments
2026-03-08 15:17:50: ✅ Live prices fetched for 7 instruments
2026-03-08 15:17:59: ✅ Live prices fetched for 7 instruments
2026-03-08 15:18:10: ✅ Live prices fetched for 7 instruments
2026-03-08 15:18:20: ✅ Live prices fetched for 7 instruments
2026-03-08 15:18:30: ✅ Live prices fetched for 7 instruments
2026-03-08 15:18:40: ✅ Live prices fetched for 7 instruments
2026-03-08 15:18:50: ✅ Live prices fetched for 7 instruments
2026-03-08 15:19:00: ✅ Live prices fetched for 7 instruments
2026-03-08 15:19:10: ✅ Live prices fetched for 7 instruments
2026-03-08 15:19:20: ✅ Live prices fetched for 7 instruments
2026-03-08 15:19:30: ✅ Live prices fetched for 7 instruments
2026-03-08 15:19:39: ✅ Live prices fetched for 7 instruments
2026-03-08 15:19:50: ✅ Live prices fetched for 7 instruments
2026-03-08 15:20:00: ✅ Live prices fetched for 7 instruments
2026-03-08 15:20:10: ✅ Live prices fetched for 7 instruments
2026-03-08 15:20:20: ✅ Live prices fetched for 7 instruments
2026-03-08 15:20:30: ✅ Live prices fetched for 7 instruments
2026-03-08 15:20:40: ✅ Live prices fetched for 7 instruments
2026-03-08 15:20:50: ✅ Live prices fetched for 7 instruments
2026-03-08 15:21:00: ✅ Live prices fetched for 7 instruments
2026-03-08 15:21:10: ✅ Live prices fetched for 7 instruments
2026-03-08 15:21:19: ✅ Live prices fetched for 7 instruments
2026-03-08 15:21:29: ✅ Live prices fetched for 7 instruments
2026-03-08 15:21:39: ✅ Live prices fetched for 7 instruments
2026-03-08 15:21:50: ✅ Live prices fetched for 7 instruments
2026-03-08 15:22:04: ✅ Live prices fetched for 7 instruments
2026-03-08 15:22:20: ✅ Live prices fetched for 7 instruments
2026-03-08 15:22:30: ✅ Live prices fetched for 7 instruments
2026-03-08 15:22:40: ✅ Live prices fetched for 7 instruments
2026-03-08 15:22:50: ✅ Live prices fetched for 7 instruments
2026-03-08 15:23:00: ✅ Live prices fetched for 7 instruments
2026-03-08 15:23:10: ✅ Live prices fetched for 7 instruments
2026-03-08 15:23:20: ✅ Live prices fetched for 7 instruments
2026-03-08 15:23:30: ✅ Live prices fetched for 7 instruments
2026-03-08 15:23:40: ✅ Live prices fetched for 7 instruments
2026-03-08 15:23:50: ✅ Live prices fetched for 7 instruments
2026-03-08 15:24:00: ✅ Live prices fetched for 7 instruments
2026-03-08 15:24:10: ✅ Live prices fetched for 7 instruments
2026-03-08 15:24:20: ✅ Live prices fetched for 7 instruments
2026-03-08 15:24:30: ✅ Live prices fetched for 7 instruments
2026-03-08 15:24:40: ✅ Live prices fetched for 7 instruments
2026-03-08 15:24:50: ✅ Live prices fetched for 7 instruments
2026-03-08 15:25:00: ✅ Live prices fetched for 7 instruments
2026-03-08 15:25:10: ✅ Live prices fetched for 7 instruments
2026-03-08 15:25:20: ✅ Live prices fetched for 7 instruments
2026-03-08 15:25:30: ✅ Live prices fetched for 7 instruments
2026-03-08 15:25:40: ✅ Live prices fetched for 7 instruments
2026-03-08 15:25:50: ✅ Live prices fetched for 7 instruments
2026-03-08 15:26:00: ✅ Live prices fetched for 7 instruments
2026-03-08 15:26:10: ✅ Live prices fetched for 7 instruments
2026-03-08 15:26:20: ✅ Live prices fetched for 7 instruments
2026-03-08 15:26:30: ✅ Live prices fetched for 7 instruments
2026-03-08 15:26:40: ✅ Live prices fetched for 7 instruments
2026-03-08 15:26:50: ✅ Live prices fetched for 7 instruments
2026-03-08 15:27:00: ✅ Live prices fetched for 7 instruments
2026-03-08 15:27:20: ✅ Live prices fetched for 7 instruments
2026-03-08 15:27:30: ✅ Live prices fetched for 7 instruments
2026-03-08 15:27:40: ✅ Live prices fetched for 7 instruments
2026-03-08 15:27:50: ✅ Live prices fetched for 7 instruments
2026-03-08 15:28:00: ✅ Live prices fetched for 7 instruments
2026-03-08 15:28:10: ✅ Live prices fetched for 7 instruments
2026-03-08 15:28:20: ✅ Live prices fetched for 7 instruments
2026-03-08 15:28:30: ✅ Live prices fetched for 7 instruments
2026-03-08 15:28:40: ✅ Live prices fetched for 7 instruments
2026-03-08 15:28:50: ✅ Live prices fetched for 7 instruments
2026-03-08 15:29:10: ✅ Live prices fetched for 7 instruments
2026-03-08 15:29:20: ✅ Live prices fetched for 7 instruments
2026-03-08 15:29:30: ✅ Live prices fetched for 7 instruments
2026-03-08 15:29:42: ✅ Yahoo Finance: 61 points for DX-Y.NYB (3mo)
2026-03-08 15:29:42: ✅ Live prices fetched for 7 instruments
2026-03-08 15:29:43: ✅ Yahoo Finance: 61 points for GLD (3mo)
2026-03-08 15:29:43: ✅ Yahoo Finance: 61 points for SPY (3mo)
2026-03-08 15:29:43: ✅ Yahoo Finance: 61 points for TLT (3mo)
2026-03-08 15:29:47: ✅ Yahoo Finance: 61 points for ^VIX (3mo)
2026-03-08 15:30:00: ✅ Live prices fetched for 7 instruments
2026-03-08 15:30:09: 📦 Returning cached gold data
2026-03-08 15:30:10: ✅ Live prices fetched for 7 instruments
2026-03-08 15:30:10: ✅ Yahoo Finance: 61 points for CL=F (3mo)
2026-03-08 15:30:10: ✅ Yahoo Finance: 91 points for BTC-USD (3mo)
2026-03-08 15:30:12: ✅ Live prices fetched for 7 instruments
2026-03-08 15:30:24: ✅ Live prices fetched for 7 instruments
2026-03-08 15:30:36: ✅ Live prices fetched for 7 instruments
2026-03-08 15:30:51: ✅ Live prices fetched for 7 instruments
2026-03-08 15:31:04: ✅ Live prices fetched for 7 instruments
2026-03-08 15:31:14: ✅ Live prices fetched for 7 instruments
2026-03-08 15:31:24: ✅ Live prices fetched for 7 instruments
2026-03-08 15:31:34: ✅ Live prices fetched for 7 instruments
2026-03-08 15:31:44: ✅ Live prices fetched for 7 instruments
2026-03-08 15:31:54: ✅ Live prices fetched for 7 instruments
2026-03-08 15:32:04: ✅ Live prices fetched for 7 instruments
2026-03-08 15:32:14: ✅ Live prices fetched for 7 instruments
2026-03-08 15:32:30: ✅ Live prices fetched for 7 instruments
2026-03-08 15:32:40: ✅ Live prices fetched for 7 instruments
2026-03-08 15:32:50: ✅ Live prices fetched for 7 instruments
2026-03-08 15:33:00: ✅ Live prices fetched for 7 instruments
2026-03-08 15:33:10: ✅ Live prices fetched for 7 instruments
2026-03-08 15:33:20: ✅ Live prices fetched for 7 instruments
2026-03-08 15:33:30: ✅ Live prices fetched for 7 instruments
2026-03-08 15:33:40: ✅ Live prices fetched for 7 instruments
2026-03-08 15:33:50: ✅ Live prices fetched for 7 instruments
2026-03-08 15:34:00: ✅ Live prices fetched for 7 instruments
2026-03-08 15:34:10: ✅ Live prices fetched for 7 instruments
2026-03-08 15:34:20: ✅ Live prices fetched for 7 instruments
2026-03-08 15:34:30: ✅ Live prices fetched for 7 instruments
2026-03-08 15:34:40: ✅ Live prices fetched for 7 instruments
2026-03-08 15:34:50: ✅ Live prices fetched for 7 instruments
2026-03-08 15:35:00: ✅ Live prices fetched for 7 instruments
2026-03-08 15:35:10: ✅ Live prices fetched for 7 instruments
2026-03-08 15:35:20: ✅ Live prices fetched for 7 instruments
2026-03-08 15:35:30: ✅ Live prices fetched for 7 instruments
2026-03-08 15:35:39: ✅ Live prices fetched for 7 instruments
2026-03-08 15:35:41: ✅ Live prices fetched for 7 instruments
2026-03-08 15:35:54: ✅ Live prices fetched for 7 instruments
2026-03-08 15:36:04: ✅ Live prices fetched for 7 instruments
2026-03-08 15:36:14: ✅ Live prices fetched for 7 instruments
2026-03-08 15:36:24: ✅ Live prices fetched for 7 instruments
2026-03-08 15:36:34: ✅ Live prices fetched for 7 instruments
2026-03-08 15:36:44: ✅ Live prices fetched for 7 instruments
2026-03-08 15:36:56: ✅ Live prices fetched for 7 instruments
2026-03-08 15:37:10: ✅ Live prices fetched for 7 instruments
2026-03-08 15:37:20: ✅ Live prices fetched for 7 instruments
2026-03-08 15:37:30: ✅ Live prices fetched for 7 instruments
2026-03-08 15:37:50: ✅ Live prices fetched for 7 instruments
2026-03-08 15:38:00: ✅ Live prices fetched for 7 instruments
2026-03-08 15:38:10: ✅ Live prices fetched for 7 instruments
2026-03-08 15:38:20: ✅ Live prices fetched for 7 instruments
2026-03-08 15:38:36: ✅ Serving built React frontend from client/dist
2026-03-08 15:38:36: 🚀 Server running on port 5000
2026-03-08 15:38:36: 📊 Financial News Dashboard API
2026-03-08 15:38:36: 🔑 Polygon API Key: Yes
2026-03-08 15:38:36: 📊 Seeding Finnhub prices via REST…
2026-03-08 15:38:39: ✅ REST seed: 11 symbols loaded
2026-03-08 15:38:39: 🔌 Connecting to Finnhub WebSocket…
2026-03-08 15:38:39: 📈 Finnhub live market data service started
2026-03-08 15:38:40: ✅ Finnhub WS connected
2026-03-08 15:38:40: ✅ Live prices fetched for 8 instruments
2026-03-08 15:38:50: ✅ Live prices fetched for 8 instruments
2026-03-08 15:39:02: ✅ Live prices fetched for 8 instruments
2026-03-08 15:39:20: ✅ Live prices fetched for 8 instruments
2026-03-08 15:39:30: ✅ Live prices fetched for 8 instruments
2026-03-08 15:39:44: ✅ Serving built React frontend from client/dist
2026-03-08 15:39:44: 🚀 Server running on port 5000
2026-03-08 15:39:44: 📊 Financial News Dashboard API
2026-03-08 15:39:44: 🔑 Polygon API Key: Yes
2026-03-08 15:39:44: 📊 Seeding Finnhub prices via REST…
2026-03-08 15:39:48: ✅ REST seed: 11 symbols loaded
2026-03-08 15:39:48: 🔌 Connecting to Finnhub WebSocket…
2026-03-08 15:39:48: 📈 Finnhub live market data service started
2026-03-08 15:39:48: ✅ Finnhub WS connected
2026-03-08 15:39:50: ✅ Live prices fetched for 8 instruments
2026-03-08 15:40:00: ✅ Live prices fetched for 8 instruments
2026-03-08 15:40:09: ✅ Live prices fetched for 8 instruments
2026-03-08 15:40:20: ✅ Live prices fetched for 8 instruments
2026-03-08 15:40:32: ✅ Live prices fetched for 8 instruments
2026-03-08 15:40:53: ✅ Live prices fetched for 8 instruments
2026-03-08 15:41:10: ✅ Live prices fetched for 8 instruments
2026-03-08 15:41:20: ✅ Live prices fetched for 8 instruments
2026-03-08 15:41:35: ✅ Live prices fetched for 8 instruments
2026-03-08 15:41:50: ✅ Live prices fetched for 8 instruments
2026-03-08 15:42:00: ✅ Live prices fetched for 8 instruments
2026-03-08 15:42:10: ✅ Live prices fetched for 8 instruments
2026-03-08 15:42:23: ✅ Serving built React frontend from client/dist
2026-03-08 15:42:23: 🚀 Server running on port 5000
2026-03-08 15:42:23: 📊 Financial News Dashboard API
2026-03-08 15:42:23: 🔑 Polygon API Key: Yes
2026-03-08 15:42:24: 📊 Seeding Finnhub prices via REST…
2026-03-08 15:42:26: ✅ REST seed: 11 symbols loaded
2026-03-08 15:42:26: 🔌 Connecting to Finnhub WebSocket…
2026-03-08 15:42:27: 📈 Finnhub live market data service started
2026-03-08 15:42:27: ✅ Finnhub WS connected
2026-03-08 15:42:29: ✅ Live prices fetched for 8 instruments
2026-03-08 15:42:40: ✅ Live prices fetched for 8 instruments
2026-03-08 15:42:50: ✅ Live prices fetched for 8 instruments
2026-03-08 15:43:10: ✅ Live prices fetched for 8 instruments
2026-03-08 15:43:20: ✅ Live prices fetched for 8 instruments
2026-03-08 15:43:30: ✅ Live prices fetched for 8 instruments
2026-03-08 15:43:59: ✅ Serving built React frontend from client/dist
2026-03-08 15:43:59: 🚀 Server running on port 5000
2026-03-08 15:43:59: 📊 Financial News Dashboard API
2026-03-08 15:43:59: 🔑 Polygon API Key: Yes
2026-03-08 15:44:00: 📊 Seeding Finnhub prices via REST…
2026-03-08 15:44:03: ✅ REST seed: 11 symbols loaded
2026-03-08 15:44:03: 🔌 Connecting to Finnhub WebSocket…
2026-03-08 15:44:03: 📈 Finnhub live market data service started
2026-03-08 15:44:04: ✅ Finnhub WS connected
2026-03-08 16:02:17: ✅ Serving built React frontend from client/dist
2026-03-08 16:02:17: 🚀 Server running on port 5000
2026-03-08 16:02:17: 📊 Financial News Dashboard API
2026-03-08 16:02:17: 🔑 Polygon API Key: Yes
2026-03-08 16:02:18: 📊 Seeding Finnhub prices via REST…
2026-03-08 16:02:19: ✅ Live prices fetched for 8 instruments
2026-03-08 16:02:22: ✅ Serving built React frontend from client/dist
2026-03-08 16:02:22: 🚀 Server running on port 5000
2026-03-08 16:02:22: 📊 Financial News Dashboard API
2026-03-08 16:02:22: 🔑 Polygon API Key: Yes
2026-03-08 16:02:23: 📊 Seeding Finnhub prices via REST…
2026-03-08 16:02:27: ✅ REST seed: 14 symbols loaded
2026-03-08 16:02:27: 🔌 Connecting to Finnhub WebSocket…
2026-03-08 16:02:27: 📈 Finnhub live market data service started
2026-03-08 16:02:28: ✅ Finnhub WS connected
2026-03-08 16:02:30: ✅ Live prices fetched for 8 instruments
2026-03-08 16:02:40: ✅ Live prices fetched for 8 instruments
2026-03-08 16:02:50: ✅ Live prices fetched for 8 instruments
2026-03-08 16:03:00: ✅ Live prices fetched for 8 instruments
2026-03-08 16:03:10: ✅ Live prices fetched for 8 instruments
2026-03-08 16:03:20: ✅ Live prices fetched for 8 instruments
2026-03-08 16:03:30: ✅ Live prices fetched for 8 instruments
2026-03-08 16:03:40: ✅ Live prices fetched for 8 instruments
2026-03-08 16:04:00: ✅ Live prices fetched for 8 instruments
2026-03-08 16:04:10: ✅ Live prices fetched for 8 instruments
2026-03-08 16:04:20: ✅ Live prices fetched for 8 instruments
2026-03-08 16:04:30: ✅ Live prices fetched for 8 instruments
2026-03-08 16:04:40: ✅ Live prices fetched for 8 instruments
2026-03-08 16:04:50: ✅ Live prices fetched for 8 instruments
2026-03-08 16:05:00: ✅ Live prices fetched for 8 instruments
2026-03-08 16:05:10: ✅ Live prices fetched for 8 instruments
2026-03-08 16:05:20: ✅ Live prices fetched for 8 instruments
2026-03-08 16:05:30: ✅ Live prices fetched for 8 instruments
2026-03-08 16:05:40: ✅ Live prices fetched for 8 instruments
2026-03-08 16:05:50: ✅ Live prices fetched for 8 instruments
2026-03-08 16:06:00: ✅ Live prices fetched for 8 instruments
2026-03-08 16:06:10: ✅ Live prices fetched for 8 instruments
2026-03-08 16:06:30: ✅ Live prices fetched for 8 instruments
2026-03-08 16:06:40: ✅ Live prices fetched for 8 instruments
2026-03-08 16:06:50: ✅ Live prices fetched for 8 instruments
2026-03-08 16:06:59: ✅ Live prices fetched for 8 instruments
2026-03-08 16:07:10: ✅ Live prices fetched for 8 instruments
2026-03-08 16:07:20: ✅ Live prices fetched for 8 instruments
2026-03-08 16:07:30: ✅ Live prices fetched for 8 instruments
2026-03-08 16:07:40: ✅ Live prices fetched for 8 instruments
2026-03-08 16:07:50: ✅ Live prices fetched for 8 instruments
2026-03-08 16:08:00: ✅ Live prices fetched for 8 instruments
2026-03-08 16:08:10: ✅ Live prices fetched for 8 instruments
2026-03-08 16:08:19: ✅ Live prices fetched for 8 instruments
2026-03-08 16:08:30: ✅ Live prices fetched for 8 instruments
2026-03-08 16:08:40: ✅ Live prices fetched for 8 instruments
2026-03-08 16:08:50: ✅ Live prices fetched for 8 instruments
2026-03-08 16:09:00: ✅ Live prices fetched for 8 instruments
2026-03-08 16:09:10: ✅ Live prices fetched for 8 instruments
2026-03-08 16:09:20: ✅ Live prices fetched for 8 instruments
2026-03-08 16:09:30: ✅ Live prices fetched for 8 instruments
2026-03-08 16:09:40: ✅ Live prices fetched for 8 instruments
2026-03-08 16:09:50: ✅ Live prices fetched for 8 instruments
2026-03-08 16:09:59: ✅ Live prices fetched for 8 instruments
2026-03-08 16:10:10: ✅ Live prices fetched for 8 instruments
2026-03-08 16:10:20: ✅ Live prices fetched for 8 instruments
2026-03-08 16:10:30: ✅ Live prices fetched for 8 instruments
2026-03-08 16:10:40: ✅ Live prices fetched for 8 instruments
2026-03-08 16:10:50: ✅ Live prices fetched for 8 instruments
2026-03-08 16:11:00: ✅ Live prices fetched for 8 instruments
2026-03-08 16:11:10: ✅ Live prices fetched for 8 instruments
2026-03-08 16:11:20: ✅ Live prices fetched for 8 instruments
2026-03-08 16:11:30: ✅ Live prices fetched for 8 instruments
2026-03-08 16:11:41: ✅ Live prices fetched for 8 instruments
2026-03-08 16:12:00: ✅ Live prices fetched for 8 instruments
2026-03-08 16:12:10: ✅ Live prices fetched for 8 instruments
2026-03-08 16:12:20: ✅ Live prices fetched for 8 instruments
2026-03-08 16:12:30: ✅ Live prices fetched for 8 instruments
2026-03-08 16:12:39: ✅ Live prices fetched for 8 instruments
2026-03-08 16:12:49: ✅ Live prices fetched for 8 instruments
2026-03-08 16:13:00: ✅ Live prices fetched for 8 instruments
2026-03-08 16:13:10: ✅ Live prices fetched for 8 instruments
2026-03-08 16:13:20: ✅ Live prices fetched for 8 instruments
2026-03-08 16:13:29: 📡 Market WS client connected (total: 1)
2026-03-08 16:13:29: 🔑 API Key Manager initialized with 2 keys
2026-03-08 16:13:30: ✅ Live prices fetched for 8 instruments
2026-03-08 16:13:30: ✅ Fetched 61 gold price points (Polygon)
2026-03-08 16:13:30: ✅ Yahoo Finance: 61 points for DX-Y.NYB (3mo)
2026-03-08 16:13:30: ✅ Yahoo Finance: 61 points for CL=F (3mo)
2026-03-08 16:13:30: ✅ Yahoo Finance: 61 points for ^VIX (3mo)
2026-03-08 16:13:30: ✅ Yahoo Finance: 61 points for TLT (3mo)
2026-03-08 16:13:30: ✅ Yahoo Finance: 61 points for SPY (3mo)
2026-03-08 16:13:30: ✅ Live prices fetched for 8 instruments
2026-03-08 16:13:30: ✅ Yahoo Finance: 91 points for BTC-USD (3mo)
2026-03-08 16:13:50: ✅ Live prices fetched for 8 instruments
2026-03-08 16:14:00: ✅ Live prices fetched for 8 instruments
2026-03-08 16:14:03: ✅ Live prices fetched for 8 instruments
2026-03-08 16:14:20: ✅ Live prices fetched for 8 instruments
2026-03-08 16:14:30: ✅ Live prices fetched for 8 instruments
2026-03-08 16:14:30: ✅ Live prices fetched for 8 instruments
2026-03-08 16:14:52: ✅ Live prices fetched for 8 instruments
2026-03-08 16:15:10: ✅ Live prices fetched for 8 instruments
2026-03-08 16:15:20: ✅ Live prices fetched for 8 instruments
2026-03-08 16:15:30: ✅ Live prices fetched for 8 instruments
2026-03-08 16:15:30: ✅ Live prices fetched for 8 instruments
2026-03-08 16:15:50: ✅ Live prices fetched for 8 instruments
2026-03-08 16:16:00: ✅ Live prices fetched for 8 instruments
2026-03-08 16:16:00: ✅ Live prices fetched for 8 instruments
2026-03-08 16:16:19: ✅ Live prices fetched for 8 instruments
2026-03-08 16:16:30: ✅ Live prices fetched for 8 instruments
2026-03-08 16:16:30: ✅ Live prices fetched for 8 instruments
2026-03-08 16:16:50: ✅ Live prices fetched for 8 instruments
2026-03-08 16:17:00: ✅ Live prices fetched for 8 instruments
2026-03-08 16:17:00: ✅ Live prices fetched for 8 instruments
2026-03-08 16:17:20: ✅ Live prices fetched for 8 instruments
2026-03-08 16:17:30: ✅ Live prices fetched for 8 instruments
2026-03-08 16:17:30: ✅ Live prices fetched for 8 instruments
2026-03-08 16:17:50: ✅ Live prices fetched for 8 instruments
2026-03-08 16:17:56: ✅ Fetched 5 gold price points (Polygon)
2026-03-08 16:17:56: ✅ Yahoo Finance: 4 points for DX-Y.NYB (5d)
2026-03-08 16:17:56: ✅ Yahoo Finance: 5 points for ^VIX (5d)
2026-03-08 16:17:56: ✅ Yahoo Finance: 4 points for CL=F (5d)
2026-03-08 16:17:57: ✅ Yahoo Finance: 5 points for BTC-USD (5d)
2026-03-08 16:17:57: ✅ Yahoo Finance: 61 points for TLT (3mo)
2026-03-08 16:17:57: ✅ Yahoo Finance: 61 points for SPY (3mo)
2026-03-08 16:18:00: ✅ Live prices fetched for 8 instruments
2026-03-08 16:18:00: ✅ Live prices fetched for 8 instruments
2026-03-08 16:18:20: ✅ Live prices fetched for 8 instruments
2026-03-08 16:18:30: ✅ Live prices fetched for 8 instruments
2026-03-08 16:18:30: ✅ Live prices fetched for 8 instruments
2026-03-08 16:18:50: ✅ Live prices fetched for 8 instruments
2026-03-08 16:19:00: ✅ Live prices fetched for 8 instruments
2026-03-08 16:19:10: ✅ Live prices fetched for 8 instruments
2026-03-08 16:19:16: ✅ Fetched 35 relevant articles
2026-03-08 16:19:20: ✅ Live prices fetched for 8 instruments
2026-03-08 16:19:21: ✅ Yahoo Finance: 61 points for CL=F (3mo)
2026-03-08 16:19:21: ✅ Yahoo Finance: 61 points for DX-Y.NYB (3mo)
2026-03-08 16:19:21: ✅ Yahoo Finance: 61 points for ^VIX (3mo)
2026-03-08 16:19:22: ✅ Yahoo Finance: 91 points for BTC-USD (3mo)
2026-03-08 16:19:22: ✅ Fetched 61 gold price points (Polygon)
2026-03-08 16:19:22: ✅ Yahoo Finance: 61 points for TLT (3mo)
2026-03-08 16:19:22: ✅ Yahoo Finance: 61 points for SPY (3mo)
2026-03-08 16:19:30: ✅ Live prices fetched for 8 instruments
2026-03-08 16:19:40: ✅ Live prices fetched for 8 instruments
2026-03-08 16:19:50: ✅ Live prices fetched for 8 instruments
2026-03-08 16:20:00: ✅ Live prices fetched for 8 instruments
2026-03-08 16:20:10: ✅ Live prices fetched for 8 instruments
2026-03-08 16:20:10: 📊 Building economic intelligence dashboard...
2026-03-08 16:20:10: 📊 Analyzing Non-Farm Payrolls (NFP) — fetching live from FRED...
2026-03-08 16:20:10: 📊 Analyzing CPI (m/m) — fetching live from FRED...
2026-03-08 16:20:10: 📊 Analyzing Unemployment Rate — fetching live from FRED...
2026-03-08 16:20:10: ✅ FedRate: 4.25% | forecast 4.25% | surprise 0
2026-03-08 16:20:10: 📊 Analyzing GDP q/q — fetching live from FRED A191RL1Q225SBEA...
2026-03-08 16:20:10: 📊 Analyzing Core PCE m/m — fetching live from FRED PCEPILFE...
2026-03-08 16:20:10: 📊 Analyzing Initial Jobless Claims — fetching live from FRED ICSA...
2026-03-08 16:20:10: 📊 Analyzing Retail Sales m/m — fetching live from FRED RSAFS...
2026-03-08 16:20:10: ✅ ISMManufacturing: 47.3 | forecast 49 | surprise -1.7
2026-03-08 16:20:10: ✅ ConsumerConf: 90.5 | forecast 98 | surprise -7.5
2026-03-08 16:20:10: 🆓 Attempting FREE API sources (FMP, EconDB)...
2026-03-08 16:20:10: 🚀 Fetching from FREE APIs...
2026-03-08 16:20:10: ⚠️  NOTE: Most free economic calendar APIs are unavailable:
2026-03-08 16:20:10:    - FMP: Economic calendar is legacy-only (pre-Aug 2025 users)
2026-03-08 16:20:10:    - EconDB: Historical only, no forecasts
2026-03-08 16:20:10:    - Trading Economics: Requires $199/month API key
2026-03-08 16:20:10:    - Investing.com: Blocks automated access (403)
2026-03-08 16:20:10:    - ForexFactory: Blocks automated access
2026-03-08 16:20:10: 
2026-03-08 16:20:10: 📋 Using config file with manually entered values...
2026-03-08 16:20:10: 💡 TIP: For real-time automation, Trading Economics API ($199/mo) is recommended
2026-03-08 16:20:10: 📡 Trying EconDB (historical data only)...
2026-03-08 16:20:11: ✓ FRED: Fetched 14 observations for PAYEMS
2026-03-08 16:20:11:   FRED PAYEMS latest actual: -92K (date: 2026-02-01)
2026-03-08 16:20:11:   ⚠️  FRED lag detected for NFP: FRED=2026-02-01, BLS release=2026-03-06
2026-03-08 16:20:11:   ↳  Using config actual (-92K) until FRED syncs
2026-03-08 16:20:11: ✅ NFP: -92K actual (FRED live) | 58K forecast | surprise -150K
2026-03-08 16:20:11: ✓ FRED: Fetched 11 observations for UNRATE
2026-03-08 16:20:11:   FRED UNRATE latest: 4.4% (date: 2026-02-01)
2026-03-08 16:20:11:   ⚠️  FRED lag detected for Unemployment: FRED=2026-02-01, BLS release=2026-03-06
2026-03-08 16:20:11:   ↳  Using config actual (4.1%) until FRED syncs
2026-03-08 16:20:11: ✅ Unemployment: 4.1% actual (FRED live) | 4% forecast | surprise 0.1%
2026-03-08 16:20:11: ✓ FRED: Fetched 13 observations for CPIAUCSL
2026-03-08 16:20:11:   FRED CPIAUCSL latest m/m: 0.2% (date: 2026-01-01)
2026-03-08 16:20:11:   ⚠️  FRED lag detected for CPI: FRED=2026-01-01, BLS release=2026-02-13
2026-03-08 16:20:11:   ↳  Using config actual (0.2%) until FRED syncs
2026-03-08 16:20:11: ✅ CPI: 0.2% actual (FRED live) | 0.3% forecast | surprise -0.1%
2026-03-08 16:20:11: ✓ FRED: Fetched 8 observations for A191RL1Q225SBEA
2026-03-08 16:20:11: ✅ GDP: 1.2% | forecast 1.8% | surprise -0.6%
2026-03-08 16:20:11: ✓ FRED: Fetched 14 observations for PCEPILFE
2026-03-08 16:20:11: ✅ Core PCE: 0.4% | forecast 0.3% | surprise 0.1%
2026-03-08 16:20:11: ✓ FRED: Fetched 12 observations for ICSA
2026-03-08 16:20:11: ✅ Jobless Claims: 242K | forecast 225K | surprise 17K
2026-03-08 16:20:11: ✓ FRED: Fetched 14 observations for RSAFS
2026-03-08 16:20:11: ✅ Retail Sales: -0.4% | forecast -0.1% | surprise -0.3%
2026-03-08 16:20:11: ✅ Economic Dashboard ready: Bullish for Gold
2026-03-08 16:20:11: ⚠️  EconDB: Failed to fetch CPIUS
2026-03-08 16:20:12: ⚠️  EconDB: Failed to fetch UNRAUS
2026-03-08 16:20:12: ⚠️  EconDB: Failed to fetch PAYEMUS
2026-03-08 16:20:12: 📡 Trying Trading Economics public data...
2026-03-08 16:20:12: 📡 Fetching from Trading Economics public feed...
2026-03-08 16:20:14: ⚠️  Trading Economics requires HTML parsing (not implemented)
2026-03-08 16:20:14: ❌ All free APIs exhausted - using config file fallback
2026-03-08 16:20:14: ✓ Using verified config file data (Fair Economy 2026)
2026-03-08 16:20:14: ✓ Calendar ready: 17 indicators from Verified Config (Fair Economy)
2026-03-08 16:20:20: ✅ Live prices fetched for 8 instruments
2026-03-08 16:20:30: ✅ Live prices fetched for 8 instruments
2026-03-08 16:20:40: ✅ Live prices fetched for 8 instruments
2026-03-08 16:20:50: ✅ Live prices fetched for 8 instruments
2026-03-08 16:21:00: ✅ Live prices fetched for 8 instruments
2026-03-08 16:21:10: ✅ Live prices fetched for 8 instruments
2026-03-08 16:21:20: ✅ Live prices fetched for 8 instruments
2026-03-08 16:21:30: ✅ Live prices fetched for 8 instruments
2026-03-08 16:21:40: ✅ Live prices fetched for 8 instruments
2026-03-08 16:21:50: ✅ Live prices fetched for 8 instruments
2026-03-08 16:22:00: ✅ Live prices fetched for 8 instruments
2026-03-08 16:22:10: ✅ Live prices fetched for 8 instruments
2026-03-08 16:22:20: ✅ Live prices fetched for 8 instruments
2026-03-08 16:22:30: ✅ Live prices fetched for 8 instruments
2026-03-08 16:22:40: ✅ Live prices fetched for 8 instruments
2026-03-08 16:22:50: ✅ Live prices fetched for 8 instruments
2026-03-08 16:23:00: ✅ Live prices fetched for 8 instruments
2026-03-08 16:23:09: ✅ Live prices fetched for 8 instruments
2026-03-08 16:23:20: ✅ Live prices fetched for 8 instruments
2026-03-08 16:23:30: ✅ Live prices fetched for 8 instruments
2026-03-08 16:23:40: ✅ Live prices fetched for 8 instruments
2026-03-08 16:23:50: ✅ Live prices fetched for 8 instruments
2026-03-08 16:24:00: ✅ Live prices fetched for 8 instruments
2026-03-08 16:24:10: ✅ Live prices fetched for 8 instruments
2026-03-08 16:24:20: ✅ Live prices fetched for 8 instruments
2026-03-08 16:24:30: ✅ Live prices fetched for 8 instruments
2026-03-08 16:24:40: ✅ Live prices fetched for 8 instruments
2026-03-08 16:24:50: ✅ Live prices fetched for 8 instruments
2026-03-08 16:25:00: ✅ Live prices fetched for 8 instruments
2026-03-08 16:25:10: ✅ Live prices fetched for 8 instruments
2026-03-08 16:25:20: ✅ Live prices fetched for 8 instruments
2026-03-08 16:25:30: ✅ Live prices fetched for 8 instruments
2026-03-08 16:25:40: ✅ Live prices fetched for 8 instruments
2026-03-08 16:25:50: ✅ Live prices fetched for 8 instruments
2026-03-08 16:26:00: ✅ Live prices fetched for 8 instruments
2026-03-08 16:26:10: ✅ Live prices fetched for 8 instruments
2026-03-08 16:26:20: ✅ Live prices fetched for 8 instruments
2026-03-08 16:26:30: ✅ Live prices fetched for 8 instruments
2026-03-08 16:26:40: ✅ Live prices fetched for 8 instruments
2026-03-08 16:26:50: ✅ Live prices fetched for 8 instruments
2026-03-08 16:27:00: ✅ Live prices fetched for 8 instruments
2026-03-08 16:27:10: ✅ Live prices fetched for 8 instruments
2026-03-08 16:27:20: ✅ Live prices fetched for 8 instruments
2026-03-08 16:27:30: ✅ Live prices fetched for 8 instruments
2026-03-08 16:27:40: ✅ Live prices fetched for 8 instruments
2026-03-08 16:27:50: ✅ Live prices fetched for 8 instruments
2026-03-08 16:27:59: ✅ Live prices fetched for 8 instruments
2026-03-08 16:28:10: ✅ Live prices fetched for 8 instruments
2026-03-08 16:28:20: ✅ Live prices fetched for 8 instruments
2026-03-08 16:28:30: ✅ Live prices fetched for 8 instruments
2026-03-08 16:28:40: ✅ Live prices fetched for 8 instruments
2026-03-08 16:28:50: ✅ Live prices fetched for 8 instruments
2026-03-08 16:29:00: ✅ Live prices fetched for 8 instruments
2026-03-08 16:29:10: ✅ Live prices fetched for 8 instruments
2026-03-08 16:29:20: ✅ Live prices fetched for 8 instruments
2026-03-08 16:29:30: ✅ Live prices fetched for 8 instruments
2026-03-08 16:29:40: ✅ Live prices fetched for 8 instruments
2026-03-08 16:30:00: ✅ Live prices fetched for 8 instruments
2026-03-08 16:30:10: ✅ Live prices fetched for 8 instruments
2026-03-08 16:30:20: ✅ Live prices fetched for 8 instruments
2026-03-08 16:30:30: ✅ Live prices fetched for 8 instruments
2026-03-08 16:30:40: ✅ Live prices fetched for 8 instruments
2026-03-08 16:30:50: ✅ Live prices fetched for 8 instruments
2026-03-08 16:31:00: ✅ Live prices fetched for 8 instruments
2026-03-08 16:31:10: ✅ Live prices fetched for 8 instruments
2026-03-08 16:31:20: ✅ Live prices fetched for 8 instruments
2026-03-08 16:31:30: ✅ Live prices fetched for 8 instruments
2026-03-08 16:31:40: ✅ Live prices fetched for 8 instruments
2026-03-08 16:31:50: ✅ Live prices fetched for 8 instruments
2026-03-08 16:32:00: ✅ Live prices fetched for 8 instruments
2026-03-08 16:32:10: ✅ Live prices fetched for 8 instruments
2026-03-08 16:32:20: ✅ Live prices fetched for 8 instruments
2026-03-08 16:32:30: ✅ Live prices fetched for 8 instruments
2026-03-08 16:32:40: ✅ Live prices fetched for 8 instruments
2026-03-08 16:32:50: ✅ Live prices fetched for 8 instruments
2026-03-08 16:33:00: ✅ Live prices fetched for 8 instruments
2026-03-08 16:33:10: ✅ Live prices fetched for 8 instruments
2026-03-08 16:33:20: ✅ Live prices fetched for 8 instruments
2026-03-08 16:33:30: ✅ Live prices fetched for 8 instruments
2026-03-08 16:33:40: ✅ Live prices fetched for 8 instruments
2026-03-08 16:33:50: ✅ Live prices fetched for 8 instruments
2026-03-08 16:34:00: ✅ Live prices fetched for 8 instruments
2026-03-08 16:34:10: ✅ Live prices fetched for 8 instruments
2026-03-08 16:34:20: ✅ Live prices fetched for 8 instruments
2026-03-08 16:34:30: ✅ Live prices fetched for 8 instruments
2026-03-08 16:34:40: ✅ Live prices fetched for 8 instruments
2026-03-08 16:34:50: ✅ Live prices fetched for 8 instruments
2026-03-08 16:35:00: ✅ Live prices fetched for 8 instruments
2026-03-08 16:35:10: ✅ Live prices fetched for 8 instruments
2026-03-08 16:35:20: ✅ Live prices fetched for 8 instruments
2026-03-08 16:35:30: ✅ Live prices fetched for 8 instruments
2026-03-08 16:35:40: ✅ Live prices fetched for 8 instruments
2026-03-08 16:35:50: ✅ Live prices fetched for 8 instruments
2026-03-08 16:36:00: ✅ Live prices fetched for 8 instruments
2026-03-08 16:36:10: ✅ Live prices fetched for 8 instruments
2026-03-08 16:36:20: ✅ Live prices fetched for 8 instruments
2026-03-08 16:36:30: ✅ Live prices fetched for 8 instruments
2026-03-08 16:36:40: ✅ Live prices fetched for 8 instruments
2026-03-08 16:36:50: ✅ Live prices fetched for 8 instruments
2026-03-08 16:37:00: ✅ Live prices fetched for 8 instruments
2026-03-08 16:37:10: ✅ Live prices fetched for 8 instruments
2026-03-08 16:37:20: ✅ Live prices fetched for 8 instruments
2026-03-08 16:37:30: ✅ Live prices fetched for 8 instruments
2026-03-08 16:37:40: ✅ Live prices fetched for 8 instruments
2026-03-08 16:37:50: ✅ Live prices fetched for 8 instruments
2026-03-08 16:38:00: ✅ Live prices fetched for 8 instruments
2026-03-08 16:38:10: ✅ Live prices fetched for 8 instruments
2026-03-08 16:38:20: ✅ Live prices fetched for 8 instruments
2026-03-08 16:38:30: ✅ Live prices fetched for 8 instruments
2026-03-08 16:38:40: ✅ Live prices fetched for 8 instruments
2026-03-08 16:38:50: ✅ Live prices fetched for 8 instruments
2026-03-08 16:39:00: ✅ Live prices fetched for 8 instruments
2026-03-08 16:39:10: ✅ Live prices fetched for 8 instruments
2026-03-08 16:39:20: ✅ Live prices fetched for 8 instruments
2026-03-08 16:39:29: ✅ Live prices fetched for 8 instruments
2026-03-08 16:39:40: ✅ Live prices fetched for 8 instruments
2026-03-08 16:39:50: ✅ Live prices fetched for 8 instruments
2026-03-08 16:40:00: ✅ Live prices fetched for 8 instruments
2026-03-08 16:40:10: ✅ Live prices fetched for 8 instruments
2026-03-08 16:40:20: ✅ Live prices fetched for 8 instruments
2026-03-08 16:40:30: ✅ Live prices fetched for 8 instruments
2026-03-08 16:40:40: ✅ Live prices fetched for 8 instruments
2026-03-08 16:40:50: ✅ Live prices fetched for 8 instruments
2026-03-08 16:41:00: ✅ Live prices fetched for 8 instruments
2026-03-08 16:41:10: ✅ Live prices fetched for 8 instruments
2026-03-08 16:41:20: ✅ Live prices fetched for 8 instruments
2026-03-08 16:41:30: ✅ Live prices fetched for 8 instruments
2026-03-08 16:41:40: ✅ Live prices fetched for 8 instruments
2026-03-08 16:41:50: ✅ Live prices fetched for 8 instruments
2026-03-08 16:42:00: ✅ Live prices fetched for 8 instruments
2026-03-08 16:42:10: ✅ Live prices fetched for 8 instruments
2026-03-08 16:42:20: ✅ Live prices fetched for 8 instruments
2026-03-08 16:42:30: ✅ Live prices fetched for 8 instruments
2026-03-08 16:42:40: ✅ Live prices fetched for 8 instruments
2026-03-08 16:42:50: ✅ Live prices fetched for 8 instruments
2026-03-08 16:43:00: ✅ Live prices fetched for 8 instruments
2026-03-08 16:43:10: ✅ Live prices fetched for 8 instruments
2026-03-08 16:43:20: ✅ Live prices fetched for 8 instruments
2026-03-08 16:43:30: ✅ Live prices fetched for 8 instruments
2026-03-08 16:43:40: ✅ Live prices fetched for 8 instruments
2026-03-08 16:43:50: ✅ Live prices fetched for 8 instruments
2026-03-08 16:44:00: ✅ Live prices fetched for 8 instruments
2026-03-08 16:44:10: ✅ Live prices fetched for 8 instruments
2026-03-08 16:44:20: ✅ Live prices fetched for 8 instruments
2026-03-08 16:44:30: ✅ Live prices fetched for 8 instruments
2026-03-08 16:44:40: ✅ Live prices fetched for 8 instruments
2026-03-08 16:44:50: ✅ Live prices fetched for 8 instruments
2026-03-08 16:45:00: ✅ Live prices fetched for 8 instruments
2026-03-08 16:45:10: ✅ Live prices fetched for 8 instruments
2026-03-08 16:45:20: ✅ Live prices fetched for 8 instruments
2026-03-08 16:45:30: ✅ Live prices fetched for 8 instruments
2026-03-08 16:45:40: ✅ Live prices fetched for 8 instruments
2026-03-08 16:45:50: ✅ Live prices fetched for 8 instruments
2026-03-08 16:46:00: ✅ Live prices fetched for 8 instruments
2026-03-08 16:46:10: ✅ Live prices fetched for 8 instruments
2026-03-08 16:46:20: ✅ Live prices fetched for 8 instruments
2026-03-08 16:46:30: ✅ Live prices fetched for 8 instruments
2026-03-08 16:46:40: ✅ Live prices fetched for 8 instruments
2026-03-08 16:46:50: ✅ Live prices fetched for 8 instruments
2026-03-08 16:47:00: ✅ Live prices fetched for 8 instruments
2026-03-08 16:47:10: ✅ Live prices fetched for 8 instruments
2026-03-08 16:47:20: ✅ Live prices fetched for 8 instruments
2026-03-08 16:47:30: ✅ Live prices fetched for 8 instruments
2026-03-08 16:47:40: ✅ Live prices fetched for 8 instruments
2026-03-08 16:47:50: ✅ Live prices fetched for 8 instruments
2026-03-08 16:48:00: ✅ Live prices fetched for 8 instruments
2026-03-08 16:48:10: ✅ Live prices fetched for 8 instruments
2026-03-08 16:48:20: ✅ Live prices fetched for 8 instruments
2026-03-08 16:48:30: ✅ Live prices fetched for 8 instruments
2026-03-08 16:48:40: ✅ Live prices fetched for 8 instruments
2026-03-08 16:48:50: ✅ Live prices fetched for 8 instruments
2026-03-08 16:49:00: ✅ Live prices fetched for 8 instruments
2026-03-08 16:49:10: ✅ Live prices fetched for 8 instruments
2026-03-08 16:49:20: ✅ Live prices fetched for 8 instruments
2026-03-08 16:49:30: ✅ Live prices fetched for 8 instruments
2026-03-08 16:49:40: ✅ Live prices fetched for 8 instruments
2026-03-08 16:49:50: ✅ Live prices fetched for 8 instruments
2026-03-08 16:50:00: ✅ Live prices fetched for 8 instruments
2026-03-08 16:50:10: ✅ Live prices fetched for 8 instruments
2026-03-08 16:50:20: ✅ Live prices fetched for 8 instruments
2026-03-08 16:50:30: ✅ Live prices fetched for 8 instruments
2026-03-08 16:50:40: ✅ Live prices fetched for 8 instruments
2026-03-08 16:50:50: ✅ Live prices fetched for 8 instruments
2026-03-08 16:51:00: ✅ Live prices fetched for 8 instruments
2026-03-08 16:51:10: ✅ Live prices fetched for 8 instruments
2026-03-08 16:51:20: ✅ Live prices fetched for 8 instruments
2026-03-08 16:51:30: ✅ Live prices fetched for 8 instruments
2026-03-08 16:51:40: ✅ Live prices fetched for 8 instruments
2026-03-08 16:51:50: ✅ Live prices fetched for 8 instruments
2026-03-08 16:52:00: ✅ Live prices fetched for 8 instruments
2026-03-08 16:52:10: ✅ Live prices fetched for 8 instruments
2026-03-08 16:52:20: ✅ Live prices fetched for 8 instruments
2026-03-08 16:52:30: ✅ Live prices fetched for 8 instruments
2026-03-08 16:52:40: ✅ Live prices fetched for 8 instruments
2026-03-08 16:52:50: ✅ Live prices fetched for 8 instruments
2026-03-08 16:53:00: ✅ Live prices fetched for 8 instruments
2026-03-08 16:53:10: ✅ Live prices fetched for 8 instruments
2026-03-08 16:53:20: ✅ Live prices fetched for 8 instruments
2026-03-08 16:53:30: ✅ Live prices fetched for 8 instruments
2026-03-08 16:53:40: ✅ Live prices fetched for 8 instruments
2026-03-08 16:53:50: ✅ Live prices fetched for 8 instruments
2026-03-08 16:54:00: ✅ Live prices fetched for 8 instruments
2026-03-08 16:54:10: ✅ Live prices fetched for 8 instruments
2026-03-08 16:54:20: ✅ Live prices fetched for 8 instruments
2026-03-08 16:54:30: ✅ Live prices fetched for 8 instruments
2026-03-08 16:54:40: ✅ Live prices fetched for 8 instruments
2026-03-08 16:54:50: ✅ Live prices fetched for 8 instruments
2026-03-08 16:55:00: ✅ Live prices fetched for 8 instruments
2026-03-08 16:55:10: ✅ Live prices fetched for 8 instruments
2026-03-08 16:55:20: ✅ Live prices fetched for 8 instruments
2026-03-08 16:55:30: ✅ Live prices fetched for 8 instruments
2026-03-08 16:55:40: ✅ Live prices fetched for 8 instruments
2026-03-08 16:55:50: ✅ Live prices fetched for 8 instruments
2026-03-08 16:56:00: ✅ Live prices fetched for 8 instruments
2026-03-08 16:56:10: ✅ Live prices fetched for 8 instruments
2026-03-08 16:56:20: ✅ Live prices fetched for 8 instruments
2026-03-08 16:56:30: ✅ Live prices fetched for 8 instruments
2026-03-08 16:56:40: ✅ Live prices fetched for 8 instruments
2026-03-08 16:56:50: ✅ Live prices fetched for 8 instruments
2026-03-08 16:57:00: ✅ Live prices fetched for 8 instruments
2026-03-08 16:57:10: ✅ Live prices fetched for 8 instruments
2026-03-08 16:57:24: ✅ Trade Journal DB initialized at D:\US DATA\journal.db
2026-03-08 16:57:24: ✅ Serving built React frontend from client/dist
2026-03-08 16:57:24: 🚀 Server running on port 5000
2026-03-08 16:57:24: 📊 Financial News Dashboard API
2026-03-08 16:57:24: 🔑 Polygon API Key: Yes
2026-03-08 16:57:25: 📊 Seeding Finnhub prices via REST…
2026-03-08 16:57:28: 📡 Market WS client connected (total: 1)
2026-03-08 16:57:28: ✅ REST seed: 14 symbols loaded
2026-03-08 16:57:28: 🔌 Connecting to Finnhub WebSocket…
2026-03-08 16:57:28: 📈 Finnhub live market data service started
2026-03-08 16:57:29: ✅ Finnhub WS connected
2026-03-08 16:57:30: ✅ Live prices fetched for 8 instruments
2026-03-08 16:57:40: ✅ Live prices fetched for 8 instruments
2026-03-08 16:57:50: ✅ Live prices fetched for 8 instruments
2026-03-08 16:58:00: ✅ Live prices fetched for 8 instruments
2026-03-08 16:58:10: ✅ Live prices fetched for 8 instruments
2026-03-08 16:58:20: ✅ Live prices fetched for 8 instruments
2026-03-08 16:58:30: ✅ Live prices fetched for 8 instruments
2026-03-08 16:58:39: ✅ Live prices fetched for 8 instruments
2026-03-08 16:58:50: 📡 Market WS client disconnected (total: 0)
2026-03-08 16:58:50: ✅ Live prices fetched for 8 instruments
2026-03-08 16:58:51: 📡 Market WS client connected (total: 1)
2026-03-08 16:58:51: 🔑 API Key Manager initialized with 2 keys
2026-03-08 16:58:51: ✅ Yahoo Finance: 61 points for DX-Y.NYB (3mo)
2026-03-08 16:58:51: ✅ Yahoo Finance: 61 points for CL=F (3mo)
2026-03-08 16:58:51: ✅ Yahoo Finance: 61 points for ^VIX (3mo)
2026-03-08 16:58:51: ✅ Yahoo Finance: 91 points for BTC-USD (3mo)
2026-03-08 16:58:52: ✅ Fetched 61 gold price points (Polygon)
2026-03-08 16:58:52: ✅ Yahoo Finance: 61 points for TLT (3mo)
2026-03-08 16:58:52: ✅ Yahoo Finance: 61 points for SPY (3mo)
2026-03-08 16:59:00: ✅ Live prices fetched for 8 instruments
2026-03-08 16:59:10: ✅ Live prices fetched for 8 instruments
2026-03-08 16:59:20: ✅ Live prices fetched for 8 instruments
2026-03-08 16:59:30: ✅ Live prices fetched for 8 instruments
2026-03-08 16:59:40: ✅ Live prices fetched for 8 instruments
2026-03-08 17:00:00: ✅ Live prices fetched for 8 instruments
2026-03-08 17:00:10: ✅ Live prices fetched for 8 instruments
2026-03-08 17:00:20: ✅ Live prices fetched for 8 instruments
2026-03-08 17:00:30: ✅ Live prices fetched for 8 instruments
2026-03-08 17:00:40: ✅ Live prices fetched for 8 instruments
2026-03-08 17:00:50: ✅ Live prices fetched for 8 instruments
2026-03-08 17:01:00: ✅ Live prices fetched for 8 instruments
2026-03-08 17:01:10: ✅ Live prices fetched for 8 instruments
2026-03-08 17:01:20: ✅ Live prices fetched for 8 instruments
2026-03-08 17:01:30: ✅ Live prices fetched for 8 instruments
2026-03-08 17:01:40: ✅ Live prices fetched for 8 instruments
2026-03-08 17:01:50: ✅ Live prices fetched for 8 instruments
2026-03-08 17:02:00: ✅ Live prices fetched for 8 instruments
2026-03-08 17:02:10: ✅ Live prices fetched for 8 instruments
2026-03-08 17:02:20: ✅ Live prices fetched for 8 instruments
2026-03-08 17:02:30: ✅ Live prices fetched for 8 instruments
2026-03-08 17:02:40: ✅ Live prices fetched for 8 instruments
2026-03-08 17:02:50: ✅ Live prices fetched for 8 instruments
2026-03-08 17:03:00: ✅ Live prices fetched for 8 instruments
2026-03-08 17:03:10: ✅ Live prices fetched for 8 instruments
2026-03-08 17:03:20: ✅ Live prices fetched for 8 instruments
2026-03-08 17:03:30: ✅ Live prices fetched for 8 instruments
2026-03-08 17:03:40: ✅ Live prices fetched for 8 instruments
2026-03-08 17:03:50: ✅ Live prices fetched for 8 instruments
2026-03-08 17:04:00: ✅ Live prices fetched for 8 instruments
2026-03-08 17:04:10: ✅ Live prices fetched for 8 instruments
2026-03-08 17:04:20: ✅ Live prices fetched for 8 instruments
2026-03-08 17:04:30: ✅ Live prices fetched for 8 instruments
2026-03-08 17:04:40: ✅ Live prices fetched for 8 instruments
2026-03-08 17:04:50: ✅ Live prices fetched for 8 instruments
2026-03-08 17:05:00: ✅ Live prices fetched for 8 instruments
2026-03-08 17:05:10: ✅ Live prices fetched for 8 instruments
2026-03-08 17:05:20: ✅ Live prices fetched for 8 instruments
2026-03-08 17:05:30: ✅ Live prices fetched for 8 instruments
2026-03-08 17:05:40: ✅ Live prices fetched for 8 instruments
2026-03-08 17:05:50: ✅ Live prices fetched for 8 instruments
2026-03-08 17:06:00: ✅ Live prices fetched for 8 instruments
2026-03-08 17:06:10: ✅ Live prices fetched for 8 instruments
2026-03-08 17:06:20: ✅ Live prices fetched for 8 instruments
2026-03-08 17:06:30: ✅ Live prices fetched for 8 instruments
2026-03-08 17:06:40: ✅ Live prices fetched for 8 instruments
2026-03-08 17:06:49: ✅ Live prices fetched for 8 instruments
2026-03-08 17:07:00: ✅ Live prices fetched for 8 instruments
2026-03-08 17:07:10: ✅ Live prices fetched for 8 instruments
2026-03-08 17:07:20: ✅ Live prices fetched for 8 instruments
2026-03-08 17:07:30: ✅ Live prices fetched for 8 instruments
2026-03-08 17:07:40: ✅ Live prices fetched for 8 instruments
2026-03-08 17:07:48: ✅ Trade Journal DB initialized at D:\US DATA\journal.db
2026-03-08 17:07:48: ✅ Serving built React frontend from client/dist
2026-03-08 17:07:48: 🚀 Server running on port 5000
2026-03-08 17:07:48: 📊 Financial News Dashboard API
2026-03-08 17:07:48: 🔑 Polygon API Key: Yes
2026-03-08 17:07:49: 📊 Seeding Finnhub prices via REST…
2026-03-08 17:07:50: ✅ Live prices fetched for 8 instruments
2026-03-08 17:07:50: 📡 Market WS client connected (total: 1)
2026-03-08 17:07:52: ✅ REST seed: 14 symbols loaded
2026-03-08 17:07:52: 🔌 Connecting to Finnhub WebSocket…
2026-03-08 17:07:52: 📈 Finnhub live market data service started
2026-03-08 17:07:53: ✅ Finnhub WS connected
2026-03-08 17:08:00: ✅ Live prices fetched for 8 instruments
2026-03-08 17:08:10: ✅ Live prices fetched for 8 instruments
2026-03-08 17:08:19: 📡 Market WS client disconnected (total: 0)
2026-03-08 17:08:20: ✅ Live prices fetched for 8 instruments
2026-03-08 17:08:20: 📡 Market WS client connected (total: 1)
2026-03-08 17:08:20: 🔑 API Key Manager initialized with 2 keys
2026-03-08 17:08:20: ✅ Yahoo Finance: 61 points for DX-Y.NYB (3mo)
2026-03-08 17:08:20: ✅ Yahoo Finance: 61 points for ^VIX (3mo)
2026-03-08 17:08:20: ✅ Yahoo Finance: 61 points for CL=F (3mo)
2026-03-08 17:08:21: ✅ Yahoo Finance: 91 points for BTC-USD (3mo)
2026-03-08 17:08:21: ✅ Fetched 61 gold price points (Polygon)
2026-03-08 17:08:21: ✅ Yahoo Finance: 61 points for TLT (3mo)
2026-03-08 17:08:21: ✅ Yahoo Finance: 61 points for SPY (3mo)
2026-03-08 17:08:30: ✅ Live prices fetched for 8 instruments
2026-03-08 17:08:40: ✅ Live prices fetched for 8 instruments
2026-03-08 17:08:51: ✅ Live prices fetched for 8 instruments
2026-03-08 17:09:10: ✅ Live prices fetched for 8 instruments
2026-03-08 17:09:20: ✅ Live prices fetched for 8 instruments
2026-03-08 17:09:30: ✅ Live prices fetched for 8 instruments
2026-03-08 17:09:40: ✅ Live prices fetched for 8 instruments
2026-03-08 17:09:51: ✅ Live prices fetched for 8 instruments
2026-03-08 17:10:10: ✅ Live prices fetched for 8 instruments
2026-03-08 17:10:21: ✅ Live prices fetched for 8 instruments
2026-03-08 17:10:40: ✅ Live prices fetched for 8 instruments
2026-03-08 17:10:50: ✅ Live prices fetched for 8 instruments
2026-03-08 17:11:00: ✅ Live prices fetched for 8 instruments
2026-03-08 17:11:10: ✅ Live prices fetched for 8 instruments
2026-03-08 17:11:19: 📡 Market WS client disconnected (total: 0)
2026-03-08 17:11:20: 📡 Market WS client connected (total: 1)
2026-03-08 17:11:20: 📦 Returning cached gold data
2026-03-08 17:11:20: ✅ Live prices fetched for 8 instruments
2026-03-08 17:11:21: ✅ Live prices fetched for 8 instruments
2026-03-08 17:11:40: ✅ Live prices fetched for 8 instruments
2026-03-08 17:11:50: ✅ Live prices fetched for 8 instruments
2026-03-08 17:11:59: ✅ Live prices fetched for 8 instruments
2026-03-08 17:12:10: ✅ Live prices fetched for 8 instruments
2026-03-08 17:12:20: ✅ Live prices fetched for 8 instruments
2026-03-08 17:12:30: ✅ Live prices fetched for 8 instruments
2026-03-08 17:12:40: ✅ Live prices fetched for 8 instruments
2026-03-08 17:12:50: ✅ Live prices fetched for 8 instruments
2026-03-08 17:13:00: ✅ Live prices fetched for 8 instruments
2026-03-08 17:13:10: ✅ Live prices fetched for 8 instruments
2026-03-08 17:13:20: ✅ Live prices fetched for 8 instruments
2026-03-08 17:13:30: ✅ Live prices fetched for 8 instruments
2026-03-08 17:13:40: ✅ Live prices fetched for 8 instruments
2026-03-08 17:13:50: ✅ Live prices fetched for 8 instruments
2026-03-08 17:14:00: ✅ Live prices fetched for 8 instruments
2026-03-08 17:14:10: ✅ Live prices fetched for 8 instruments
2026-03-08 17:14:20: ✅ Live prices fetched for 8 instruments
2026-03-08 17:14:30: ✅ Live prices fetched for 8 instruments
2026-03-08 17:14:40: ✅ Live prices fetched for 8 instruments
2026-03-08 17:14:50: ✅ Live prices fetched for 8 instruments
2026-03-08 17:15:02: ✅ Live prices fetched for 8 instruments
2026-03-08 17:15:20: ✅ Live prices fetched for 8 instruments
2026-03-08 17:15:29: ✅ Live prices fetched for 8 instruments
2026-03-08 17:15:40: ✅ Live prices fetched for 8 instruments
2026-03-08 17:15:50: ✅ Live prices fetched for 8 instruments
2026-03-08 17:16:00: ✅ Live prices fetched for 8 instruments
2026-03-08 17:16:10: ✅ Live prices fetched for 8 instruments
2026-03-08 17:16:20: ✅ Live prices fetched for 8 instruments
2026-03-08 17:16:30: ✅ Live prices fetched for 8 instruments
2026-03-08 17:16:40: ✅ Live prices fetched for 8 instruments
2026-03-08 17:16:50: ✅ Live prices fetched for 8 instruments
2026-03-08 17:17:00: ✅ Live prices fetched for 8 instruments
2026-03-08 17:17:09: ✅ Live prices fetched for 8 instruments
2026-03-08 17:17:20: ✅ Live prices fetched for 8 instruments
2026-03-08 17:17:30: ✅ Live prices fetched for 8 instruments
2026-03-08 17:17:41: ✅ Live prices fetched for 8 instruments
2026-03-08 17:18:00: ✅ Live prices fetched for 8 instruments
2026-03-08 17:18:10: ✅ Live prices fetched for 8 instruments
2026-03-08 17:18:20: ✅ Live prices fetched for 8 instruments
2026-03-08 17:18:30: ✅ Live prices fetched for 8 instruments
2026-03-08 17:18:40: ✅ Live prices fetched for 8 instruments
2026-03-08 17:18:50: ✅ Live prices fetched for 8 instruments
2026-03-08 17:19:00: ✅ Live prices fetched for 8 instruments
2026-03-08 17:19:11: ✅ Live prices fetched for 8 instruments
2026-03-08 17:19:30: ✅ Live prices fetched for 8 instruments
2026-03-08 17:19:40: ✅ Live prices fetched for 8 instruments
2026-03-08 17:19:50: ✅ Live prices fetched for 8 instruments
2026-03-08 17:20:00: ✅ Live prices fetched for 8 instruments
2026-03-08 17:20:10: ✅ Live prices fetched for 8 instruments
2026-03-08 17:20:20: ✅ Live prices fetched for 8 instruments
2026-03-08 17:20:40: ✅ Live prices fetched for 8 instruments
2026-03-08 17:20:50: ✅ Live prices fetched for 8 instruments
2026-03-08 17:21:00: ✅ Live prices fetched for 8 instruments
2026-03-08 17:21:10: ✅ Live prices fetched for 8 instruments
2026-03-08 17:21:20: ✅ Live prices fetched for 8 instruments
2026-03-08 17:21:30: ✅ Live prices fetched for 8 instruments
2026-03-08 17:21:40: ✅ Live prices fetched for 8 instruments
2026-03-08 17:21:50: ✅ Live prices fetched for 8 instruments
2026-03-08 17:22:00: ✅ Live prices fetched for 8 instruments
2026-03-08 17:22:10: ✅ Live prices fetched for 8 instruments
2026-03-08 17:22:21: ✅ Live prices fetched for 8 instruments
2026-03-08 17:22:40: ✅ Live prices fetched for 8 instruments
2026-03-08 17:22:50: ✅ Live prices fetched for 8 instruments
2026-03-08 17:22:59: ✅ Live prices fetched for 8 instruments
2026-03-08 17:23:14: ✅ Trade Journal DB initialized at D:\US DATA\journal.db
2026-03-08 17:23:14: ✅ Serving built React frontend from client/dist
2026-03-08 17:23:14: 🚀 Server running on port 5000
2026-03-08 17:23:14: 📊 Financial News Dashboard API
2026-03-08 17:23:14: 🔑 Polygon API Key: Yes
2026-03-08 17:23:15: 📊 Seeding Finnhub prices via REST…
2026-03-08 17:23:19: ✅ REST seed: 14 symbols loaded
2026-03-08 17:23:19: 🔌 Connecting to Finnhub WebSocket…
2026-03-08 17:23:19: 📈 Finnhub live market data service started
2026-03-08 17:23:19: 📡 Market WS client connected (total: 1)
2026-03-08 17:23:19: ✅ Finnhub WS connected
2026-03-08 17:23:20: ✅ Live prices fetched for 8 instruments
2026-03-08 17:23:30: ✅ Live prices fetched for 8 instruments
2026-03-08 17:23:33: 📡 Market WS client disconnected (total: 0)
2026-03-08 17:23:33: 📡 Market WS client connected (total: 1)
2026-03-08 17:23:33: 🔑 API Key Manager initialized with 2 keys
2026-03-08 17:23:34: ✅ Yahoo Finance: 61 points for DX-Y.NYB (3mo)
2026-03-08 17:23:34: ✅ Yahoo Finance: 61 points for CL=F (3mo)
2026-03-08 17:23:34: ✅ Yahoo Finance: 61 points for ^VIX (3mo)
2026-03-08 17:23:34: ✅ Yahoo Finance: 91 points for BTC-USD (3mo)
2026-03-08 17:23:34: ✅ Fetched 61 gold price points (Polygon)
2026-03-08 17:23:35: ✅ Yahoo Finance: 61 points for TLT (3mo)
2026-03-08 17:23:35: ✅ Yahoo Finance: 61 points for SPY (3mo)
2026-03-08 17:23:40: ✅ Live prices fetched for 8 instruments
2026-03-08 17:23:40: 🆓 Attempting FREE API sources (FMP, EconDB)...
2026-03-08 17:23:40: 🚀 Fetching from FREE APIs...
2026-03-08 17:23:40: ⚠️  NOTE: Most free economic calendar APIs are unavailable:
2026-03-08 17:23:40:    - FMP: Economic calendar is legacy-only (pre-Aug 2025 users)
2026-03-08 17:23:40:    - EconDB: Historical only, no forecasts
2026-03-08 17:23:40:    - Trading Economics: Requires $199/month API key
2026-03-08 17:23:40:    - Investing.com: Blocks automated access (403)
2026-03-08 17:23:40:    - ForexFactory: Blocks automated access
2026-03-08 17:23:40: 
2026-03-08 17:23:40: 📋 Using config file with manually entered values...
2026-03-08 17:23:40: 💡 TIP: For real-time automation, Trading Economics API ($199/mo) is recommended
2026-03-08 17:23:40: 📡 Trying EconDB (historical data only)...
2026-03-08 17:23:40: 📊 Building economic intelligence dashboard...
2026-03-08 17:23:40: 📊 Analyzing Non-Farm Payrolls (NFP) — fetching live from FRED...
2026-03-08 17:23:40: 📊 Analyzing CPI (m/m) — fetching live from FRED...
2026-03-08 17:23:40: 📊 Analyzing Unemployment Rate — fetching live from FRED...
2026-03-08 17:23:40: ✅ FedRate: 4.25% | forecast 4.25% | surprise 0
2026-03-08 17:23:40: 📊 Analyzing GDP q/q — fetching live from FRED A191RL1Q225SBEA...
2026-03-08 17:23:40: 📊 Analyzing Core PCE m/m — fetching live from FRED PCEPILFE...
2026-03-08 17:23:41: 📊 Analyzing Initial Jobless Claims — fetching live from FRED ICSA...
2026-03-08 17:23:41: 📊 Analyzing Retail Sales m/m — fetching live from FRED RSAFS...
2026-03-08 17:23:41: ✅ ISMManufacturing: 47.3 | forecast 49 | surprise -1.7
2026-03-08 17:23:41: ✅ ConsumerConf: 90.5 | forecast 98 | surprise -7.5
2026-03-08 17:23:41: ⚠️  EconDB: Failed to fetch CPIUS
2026-03-08 17:23:41: ⚠️  EconDB: Failed to fetch UNRAUS
2026-03-08 17:23:42: ⚠️  EconDB: Failed to fetch PAYEMUS
2026-03-08 17:23:42: 📡 Trying Trading Economics public data...
2026-03-08 17:23:42: 📡 Fetching from Trading Economics public feed...
2026-03-08 17:23:42: ✓ FRED: Fetched 13 observations for CPIAUCSL
2026-03-08 17:23:42:   FRED CPIAUCSL latest m/m: 0.2% (date: 2026-01-01)
2026-03-08 17:23:42:   ⚠️  FRED lag detected for CPI: FRED=2026-01-01, BLS release=2026-02-13
2026-03-08 17:23:42:   ↳  Using config actual (0.2%) until FRED syncs
2026-03-08 17:23:42: ✅ CPI: 0.2% actual (FRED live) | 0.3% forecast | surprise -0.1%
2026-03-08 17:23:42: ✓ FRED: Fetched 14 observations for PAYEMS
2026-03-08 17:23:42:   FRED PAYEMS latest actual: -92K (date: 2026-02-01)
2026-03-08 17:23:42:   ⚠️  FRED lag detected for NFP: FRED=2026-02-01, BLS release=2026-03-06
2026-03-08 17:23:42:   ↳  Using config actual (-92K) until FRED syncs
2026-03-08 17:23:42: ✅ NFP: -92K actual (FRED live) | 58K forecast | surprise -150K
2026-03-08 17:23:42: ✓ FRED: Fetched 14 observations for PCEPILFE
2026-03-08 17:23:42: ✅ Core PCE: 0.4% | forecast 0.3% | surprise 0.1%
2026-03-08 17:23:42: ✓ FRED: Fetched 12 observations for ICSA
2026-03-08 17:23:42: ✅ Jobless Claims: 242K | forecast 225K | surprise 17K
2026-03-08 17:23:42: ✓ FRED: Fetched 8 observations for A191RL1Q225SBEA
2026-03-08 17:23:42: ✅ GDP: 1.2% | forecast 1.8% | surprise -0.6%
2026-03-08 17:23:42: ✓ FRED: Fetched 14 observations for RSAFS
2026-03-08 17:23:42: ✅ Retail Sales: -0.4% | forecast -0.1% | surprise -0.3%
2026-03-08 17:23:42: ✓ FRED: Fetched 11 observations for UNRATE
2026-03-08 17:23:42:   FRED UNRATE latest: 4.4% (date: 2026-02-01)
2026-03-08 17:23:42:   ⚠️  FRED lag detected for Unemployment: FRED=2026-02-01, BLS release=2026-03-06
2026-03-08 17:23:42:   ↳  Using config actual (4.1%) until FRED syncs
2026-03-08 17:23:42: ✅ Unemployment: 4.1% actual (FRED live) | 4% forecast | surprise 0.1%
2026-03-08 17:23:42: ✅ Economic Dashboard ready: Bullish for Gold
2026-03-08 17:23:45: ⚠️  Trading Economics requires HTML parsing (not implemented)
2026-03-08 17:23:45: ❌ All free APIs exhausted - using config file fallback
2026-03-08 17:23:45: ✓ Using verified config file data (Fair Economy 2026)
2026-03-08 17:23:45: ✓ Calendar ready: 17 indicators from Verified Config (Fair Economy)
2026-03-08 17:23:50: ✓ Returning cached economic dashboard
2026-03-08 17:23:51: ✅ Live prices fetched for 8 instruments
2026-03-08 17:24:10: ✅ Live prices fetched for 8 instruments
2026-03-08 17:24:13: ✅ Fetched 34 relevant articles
2026-03-08 17:24:20: ✅ Live prices fetched for 8 instruments
2026-03-08 17:24:30: ✅ Live prices fetched for 8 instruments
2026-03-08 17:24:36: ✓ Returning cached economic dashboard
2026-03-08 17:24:38: 📦 Returning cached news
2026-03-08 17:24:40: ✅ Live prices fetched for 8 instruments
2026-03-08 17:24:50: ✅ Live prices fetched for 8 instruments
2026-03-08 17:25:00: ✅ Live prices fetched for 8 instruments
2026-03-08 17:25:10: ✅ Fetched 34 relevant articles
2026-03-08 17:25:11: ✅ Live prices fetched for 8 instruments
2026-03-08 17:25:30: ✅ Live prices fetched for 8 instruments
2026-03-08 17:25:38: 📦 Returning cached news
2026-03-08 17:25:41: ✅ Live prices fetched for 8 instruments
2026-03-08 17:26:00: ✅ Live prices fetched for 8 instruments
2026-03-08 17:26:10: ✅ Live prices fetched for 8 instruments
2026-03-08 17:26:12: ✅ Fetched 34 relevant articles
2026-03-08 17:26:20: ✅ Live prices fetched for 8 instruments
2026-03-08 17:26:30: ✅ Live prices fetched for 8 instruments
2026-03-08 17:26:38: 📦 Returning cached news
2026-03-08 17:26:40: ✅ Live prices fetched for 8 instruments
2026-03-08 17:26:50: ✅ Live prices fetched for 8 instruments
2026-03-08 17:27:00: ✅ Live prices fetched for 8 instruments
2026-03-08 17:27:10: ✅ Live prices fetched for 8 instruments
2026-03-08 17:27:10: ✅ Fetched 34 relevant articles
2026-03-08 17:27:19: ✅ Live prices fetched for 8 instruments
2026-03-08 17:27:30: ✅ Live prices fetched for 8 instruments
2026-03-08 17:27:38: 📦 Returning cached news
2026-03-08 17:27:40: ✅ Live prices fetched for 8 instruments
2026-03-08 17:27:50: ✅ Live prices fetched for 8 instruments
2026-03-08 17:28:01: ✅ Live prices fetched for 8 instruments
2026-03-08 17:28:10: ✅ Fetched 34 relevant articles
2026-03-08 17:28:20: ✅ Live prices fetched for 8 instruments
2026-03-08 17:28:30: ✅ Live prices fetched for 8 instruments
2026-03-08 17:28:40: ✅ Live prices fetched for 8 instruments
2026-03-08 17:28:50: ✅ Live prices fetched for 8 instruments
2026-03-08 17:28:56: ✅ Fetched 34 relevant articles
2026-03-08 17:29:00: ✅ Live prices fetched for 8 instruments
2026-03-08 17:29:10: ✅ Live prices fetched for 8 instruments
2026-03-08 17:29:20: ✅ Live prices fetched for 8 instruments
2026-03-08 17:29:30: ✅ Live prices fetched for 8 instruments
2026-03-08 17:29:40: ✅ Live prices fetched for 8 instruments
2026-03-08 17:29:50: ✅ Live prices fetched for 8 instruments
2026-03-08 17:29:56: ✅ Fetched 34 relevant articles
2026-03-08 17:30:00: ✅ Live prices fetched for 8 instruments
2026-03-08 17:30:10: ✅ Live prices fetched for 8 instruments
2026-03-08 17:30:20: ✅ Live prices fetched for 8 instruments
2026-03-08 17:30:30: ✅ Live prices fetched for 8 instruments
2026-03-08 17:30:40: ✅ Live prices fetched for 8 instruments
2026-03-08 17:30:50: ✅ Live prices fetched for 8 instruments
2026-03-08 17:30:56: ✅ Fetched 34 relevant articles
2026-03-08 17:31:00: ✅ Live prices fetched for 8 instruments
2026-03-08 17:31:10: ✅ Live prices fetched for 8 instruments
2026-03-08 17:31:20: ✅ Live prices fetched for 8 instruments
2026-03-08 17:31:32: ✅ Live prices fetched for 8 instruments
2026-03-08 17:31:50: ✅ Live prices fetched for 8 instruments
2026-03-08 17:31:56: ✅ Fetched 34 relevant articles
2026-03-08 17:32:00: ✅ Live prices fetched for 8 instruments
2026-03-08 17:32:10: ✅ Live prices fetched for 8 instruments
2026-03-08 17:32:20: ✅ Live prices fetched for 8 instruments
2026-03-08 17:32:30: ✅ Live prices fetched for 8 instruments
2026-03-08 17:32:40: ✅ Live prices fetched for 8 instruments
2026-03-08 17:32:52: ✅ Live prices fetched for 8 instruments
2026-03-08 17:32:56: ✅ Fetched 34 relevant articles
2026-03-08 17:33:10: ✅ Live prices fetched for 8 instruments
2026-03-08 17:33:21: ✅ Live prices fetched for 8 instruments
2026-03-08 17:33:40: ✅ Live prices fetched for 8 instruments
2026-03-08 17:33:50: ✅ Live prices fetched for 8 instruments
2026-03-08 17:33:57: ✅ Fetched 34 relevant articles
2026-03-08 17:34:00: ✅ Live prices fetched for 8 instruments
2026-03-08 17:34:10: ✅ Live prices fetched for 8 instruments
2026-03-08 17:34:20: ✅ Live prices fetched for 8 instruments
2026-03-08 17:34:30: ✅ Live prices fetched for 8 instruments
2026-03-08 17:34:40: ✅ Live prices fetched for 8 instruments
2026-03-08 17:34:50: ✅ Live prices fetched for 8 instruments
2026-03-08 17:34:56: ✅ Fetched 34 relevant articles
2026-03-08 17:35:00: ✅ Live prices fetched for 8 instruments
2026-03-08 17:35:10: ✅ Live prices fetched for 8 instruments
2026-03-08 17:35:20: ✅ Live prices fetched for 8 instruments
2026-03-08 17:35:30: ✅ Live prices fetched for 8 instruments
2026-03-08 17:35:40: ✅ Live prices fetched for 8 instruments
2026-03-08 17:35:50: ✅ Live prices fetched for 8 instruments
2026-03-08 17:35:56: ✅ Fetched 34 relevant articles
2026-03-08 17:36:00: ✅ Live prices fetched for 8 instruments
2026-03-08 17:36:11: ✅ Live prices fetched for 8 instruments
2026-03-08 17:36:30: ✅ Live prices fetched for 8 instruments
2026-03-08 17:36:40: ✅ Live prices fetched for 8 instruments
2026-03-08 17:36:50: ✅ Live prices fetched for 8 instruments
2026-03-08 17:36:56: ✅ Fetched 34 relevant articles
2026-03-08 17:37:00: ✅ Live prices fetched for 8 instruments
2026-03-08 17:37:10: ✅ Live prices fetched for 8 instruments
2026-03-08 17:37:22: ✅ Live prices fetched for 8 instruments
2026-03-08 17:37:40: ✅ Live prices fetched for 8 instruments
2026-03-08 17:37:49: ✅ Live prices fetched for 8 instruments
2026-03-08 17:37:56: ✅ Fetched 34 relevant articles
2026-03-08 17:38:00: ✅ Live prices fetched for 8 instruments
2026-03-08 17:38:10: ✅ Live prices fetched for 8 instruments
2026-03-08 17:38:20: ✅ Live prices fetched for 8 instruments
2026-03-08 17:38:30: ✅ Live prices fetched for 8 instruments
2026-03-08 17:38:40: ✅ Live prices fetched for 8 instruments
2026-03-08 17:38:50: ✅ Live prices fetched for 8 instruments
2026-03-08 17:38:56: ✅ Fetched 34 relevant articles
2026-03-08 17:39:00: ✅ Live prices fetched for 8 instruments
2026-03-08 17:39:10: ✅ Live prices fetched for 8 instruments
2026-03-08 17:39:20: ✅ Live prices fetched for 8 instruments
2026-03-08 17:39:30: ✅ Live prices fetched for 8 instruments
2026-03-08 17:39:40: ✅ Live prices fetched for 8 instruments
2026-03-08 17:39:50: ✅ Live prices fetched for 8 instruments
2026-03-08 17:39:56: ✅ Fetched 34 relevant articles
2026-03-08 17:40:00: ✅ Live prices fetched for 8 instruments
2026-03-08 17:40:15: ✅ Trade Journal DB initialized at D:\US DATA\journal.db
2026-03-08 17:40:15: ✅ Serving built React frontend from client/dist
2026-03-08 17:40:15: 🚀 Server running on port 5000
2026-03-08 17:40:15: 📊 Financial News Dashboard API
2026-03-08 17:40:15: 🔑 Polygon API Key: Yes
2026-03-08 17:40:16: 📊 Seeding Finnhub prices via REST…
2026-03-08 17:40:18: 📡 Market WS client connected (total: 1)
2026-03-08 17:40:19: ✅ REST seed: 14 symbols loaded
2026-03-08 17:40:19: 🔌 Connecting to Finnhub WebSocket…
2026-03-08 17:40:20: 📈 Finnhub live market data service started
2026-03-08 17:40:20: ✅ Live prices fetched for 8 instruments
2026-03-08 17:40:20: ✅ Finnhub WS connected
2026-03-08 17:40:30: ✅ Live prices fetched for 8 instruments
2026-03-08 17:40:32: 🔑 API Key Manager initialized with 2 keys
2026-03-08 17:40:33: ✅ Fetched 34 relevant articles
2026-03-08 17:40:37: 📡 Market WS client disconnected (total: 0)
2026-03-08 17:40:37: 📡 Market WS client connected (total: 1)
2026-03-08 17:40:38: ✅ Fetched 61 gold price points (Polygon)
2026-03-08 17:40:39: ✅ Yahoo Finance: 61 points for ^VIX (3mo)
2026-03-08 17:40:39: ✅ Yahoo Finance: 61 points for DX-Y.NYB (3mo)
2026-03-08 17:40:39: ✅ Yahoo Finance: 61 points for CL=F (3mo)
2026-03-08 17:40:39: ✅ Yahoo Finance: 91 points for BTC-USD (3mo)
2026-03-08 17:40:40: ✅ Live prices fetched for 8 instruments
2026-03-08 17:40:40: ✅ Yahoo Finance: 61 points for SPY (3mo)
2026-03-08 17:40:40: ✅ Yahoo Finance: 61 points for TLT (3mo)
2026-03-08 17:40:41: 📊 Building economic intelligence dashboard...
2026-03-08 17:40:41: 📊 Analyzing Non-Farm Payrolls (NFP) — fetching live from FRED...
2026-03-08 17:40:41: 📊 Analyzing CPI (m/m) — fetching live from FRED...
2026-03-08 17:40:41: 📊 Analyzing Unemployment Rate — fetching live from FRED...
2026-03-08 17:40:41: ✅ FedRate: 4.25% | forecast 4.25% | surprise 0
2026-03-08 17:40:41: 📊 Analyzing GDP q/q — fetching live from FRED A191RL1Q225SBEA...
2026-03-08 17:40:41: 📊 Analyzing Core PCE m/m — fetching live from FRED PCEPILFE...
2026-03-08 17:40:41: 📊 Analyzing Initial Jobless Claims — fetching live from FRED ICSA...
2026-03-08 17:40:41: 📊 Analyzing Retail Sales m/m — fetching live from FRED RSAFS...
2026-03-08 17:40:41: ✅ ISMManufacturing: 47.3 | forecast 49 | surprise -1.7
2026-03-08 17:40:41: ✅ ConsumerConf: 90.5 | forecast 98 | surprise -7.5
2026-03-08 17:40:42: ✓ FRED: Fetched 14 observations for RSAFS
2026-03-08 17:40:42: ✅ Retail Sales: -0.4% | forecast -0.1% | surprise -0.3%
2026-03-08 17:40:42: ✓ FRED: Fetched 11 observations for UNRATE
2026-03-08 17:40:42:   FRED UNRATE latest: 4.4% (date: 2026-02-01)
2026-03-08 17:40:42:   ⚠️  FRED lag detected for Unemployment: FRED=2026-02-01, BLS release=2026-03-06
2026-03-08 17:40:42:   ↳  Using config actual (4.1%) until FRED syncs
2026-03-08 17:40:42: ✅ Unemployment: 4.1% actual (FRED live) | 4% forecast | surprise 0.1%
2026-03-08 17:40:42: ✓ FRED: Fetched 13 observations for CPIAUCSL
2026-03-08 17:40:42:   FRED CPIAUCSL latest m/m: 0.2% (date: 2026-01-01)
2026-03-08 17:40:42:   ⚠️  FRED lag detected for CPI: FRED=2026-01-01, BLS release=2026-02-13
2026-03-08 17:40:42:   ↳  Using config actual (0.2%) until FRED syncs
2026-03-08 17:40:42: ✅ CPI: 0.2% actual (FRED live) | 0.3% forecast | surprise -0.1%
2026-03-08 17:40:42: ✓ FRED: Fetched 12 observations for ICSA
2026-03-08 17:40:42: ✅ Jobless Claims: 242K | forecast 225K | surprise 17K
2026-03-08 17:40:42: ✓ FRED: Fetched 14 observations for PCEPILFE
2026-03-08 17:40:42: ✅ Core PCE: 0.4% | forecast 0.3% | surprise 0.1%
2026-03-08 17:40:42: ✓ FRED: Fetched 14 observations for PAYEMS
2026-03-08 17:40:42:   FRED PAYEMS latest actual: -92K (date: 2026-02-01)
2026-03-08 17:40:42:   ⚠️  FRED lag detected for NFP: FRED=2026-02-01, BLS release=2026-03-06
2026-03-08 17:40:42:   ↳  Using config actual (-92K) until FRED syncs
2026-03-08 17:40:42: ✅ NFP: -92K actual (FRED live) | 58K forecast | surprise -150K
2026-03-08 17:40:42: ✓ FRED: Fetched 8 observations for A191RL1Q225SBEA
2026-03-08 17:40:42: ✅ GDP: 1.2% | forecast 1.8% | surprise -0.6%
2026-03-08 17:40:42: ✅ Economic Dashboard ready: Bullish for Gold
2026-03-08 17:40:44: 📦 Returning cached news
2026-03-08 17:40:50: ✅ Live prices fetched for 8 instruments
2026-03-08 17:41:00: ✅ Live prices fetched for 8 instruments
2026-03-08 17:41:10: ✅ Live prices fetched for 8 instruments
2026-03-08 17:41:13: 📦 Returning cached gold data
2026-03-08 17:41:20: ✅ Live prices fetched for 8 instruments
2026-03-08 17:41:30: ✅ Live prices fetched for 8 instruments
2026-03-08 17:41:35: 📦 Returning cached gold data
2026-03-08 17:41:41: ✅ Live prices fetched for 8 instruments
2026-03-08 17:42:00: ✅ Live prices fetched for 8 instruments
2026-03-08 17:42:10: ✅ Live prices fetched for 8 instruments
2026-03-08 17:42:20: ✅ Live prices fetched for 8 instruments
2026-03-08 17:42:30: ✅ Live prices fetched for 8 instruments
2026-03-08 17:42:40: ✅ Live prices fetched for 8 instruments
2026-03-08 17:42:50: ✅ Live prices fetched for 8 instruments
2026-03-08 17:43:00: ✅ Live prices fetched for 8 instruments
2026-03-08 17:43:10: ✅ Live prices fetched for 8 instruments
2026-03-08 17:43:20: ✅ Live prices fetched for 8 instruments
2026-03-08 17:43:30: ✅ Live prices fetched for 8 instruments
2026-03-08 17:43:40: ✅ Live prices fetched for 8 instruments
2026-03-08 17:43:50: ✅ Live prices fetched for 8 instruments
2026-03-08 17:44:00: ✅ Live prices fetched for 8 instruments
2026-03-08 17:44:03: ✅ Trade Journal DB initialized at D:\US DATA\journal.db
2026-03-08 17:44:03: ✅ Serving built React frontend from client/dist
2026-03-08 17:44:03: 🚀 Server running on port 5000
2026-03-08 17:44:03: 📊 Financial News Dashboard API
2026-03-08 17:44:03: 🔑 Polygon API Key: Yes
2026-03-08 17:44:04: 📡 Market WS client connected (total: 1)
2026-03-08 17:44:04: 📊 Seeding Finnhub prices via REST…
2026-03-08 17:44:07: ✅ Live prices fetched for 8 instruments
2026-03-08 17:44:08: ✅ REST seed: 14 symbols loaded
2026-03-08 17:44:08: 🔌 Connecting to Finnhub WebSocket…
2026-03-08 17:44:08: 📈 Finnhub live market data service started
2026-03-08 17:44:08: ✅ Finnhub WS connected
2026-03-08 17:44:18: ✅ Trade Journal DB initialized at D:\US DATA\journal.db
2026-03-08 17:44:18: ✅ Serving built React frontend from client/dist
2026-03-08 17:44:18: 🚀 Server running on port 5000
2026-03-08 17:44:18: 📊 Financial News Dashboard API
2026-03-08 17:44:18: 🔑 Polygon API Key: Yes
2026-03-08 17:44:19: 📡 Market WS client connected (total: 1)
2026-03-08 17:44:19: 📊 Seeding Finnhub prices via REST…
2026-03-08 17:44:20: ✅ Live prices fetched for 8 instruments
2026-03-08 17:44:22: ✅ REST seed: 14 symbols loaded
2026-03-08 17:44:22: 🔌 Connecting to Finnhub WebSocket…
2026-03-08 17:44:22: 📈 Finnhub live market data service started
2026-03-08 17:44:23: ✅ Finnhub WS connected
2026-03-08 17:44:33: 📡 Market WS client disconnected (total: 0)
2026-03-08 17:44:34: 🔑 API Key Manager initialized with 2 keys
2026-03-08 17:44:34: 📡 Market WS client connected (total: 1)
2026-03-08 17:44:35: ✅ Fetched 61 gold price points (Polygon)
2026-03-08 17:44:35: ✅ Yahoo Finance: 61 points for DX-Y.NYB (3mo)
2026-03-08 17:44:35: ✅ Yahoo Finance: 61 points for CL=F (3mo)
2026-03-08 17:44:35: ✅ Live prices fetched for 8 instruments
2026-03-08 17:44:36: ✅ Yahoo Finance: 91 points for BTC-USD (3mo)
2026-03-08 17:44:36: ✅ Yahoo Finance: 61 points for ^VIX (3mo)
2026-03-08 17:44:36: ✅ Yahoo Finance: 61 points for TLT (3mo)
2026-03-08 17:44:36: ✅ Yahoo Finance: 61 points for SPY (3mo)
2026-03-08 17:44:39: ✅ Fetched 34 relevant articles
2026-03-08 17:44:47: 📡 Market WS client disconnected (total: 0)
2026-03-08 17:44:47: 📡 Market WS client connected (total: 1)
2026-03-08 17:44:47: 📦 Returning cached gold data
2026-03-08 17:44:49: ✅ Live prices fetched for 8 instruments
2026-03-08 17:44:50: ✅ Live prices fetched for 8 instruments
2026-03-08 17:44:50: 📦 Returning cached news
2026-03-08 17:45:00: ✅ Live prices fetched for 8 instruments
2026-03-08 17:45:10: ✅ Live prices fetched for 8 instruments
2026-03-08 17:45:20: ✅ Live prices fetched for 8 instruments
2026-03-08 17:45:23: ✅ Fetched 34 relevant articles
2026-03-08 17:45:30: ✅ Live prices fetched for 8 instruments
2026-03-08 17:45:40: ✅ Live prices fetched for 8 instruments
2026-03-08 17:45:50: ✅ Live prices fetched for 8 instruments
2026-03-08 17:45:52: 📦 Returning cached news
2026-03-08 17:46:10: ✅ Live prices fetched for 8 instruments
2026-03-08 17:46:20: ✅ Live prices fetched for 8 instruments
2026-03-08 17:46:24: ✅ Fetched 34 relevant articles
2026-03-08 17:46:30: ✅ Live prices fetched for 8 instruments
2026-03-08 17:46:40: ✅ Live prices fetched for 8 instruments
2026-03-08 17:46:51: 📦 Returning cached news
2026-03-08 17:46:52: ✅ Live prices fetched for 8 instruments
2026-03-08 17:47:10: ✅ Live prices fetched for 8 instruments
2026-03-08 17:47:20: ✅ Live prices fetched for 8 instruments
2026-03-08 17:47:23: ✅ Fetched 34 relevant articles
2026-03-08 17:47:30: ✅ Live prices fetched for 8 instruments
2026-03-08 17:47:41: ✅ Live prices fetched for 8 instruments
2026-03-08 17:47:51: 📦 Returning cached news
2026-03-08 17:48:00: ✅ Live prices fetched for 8 instruments
2026-03-08 17:48:10: ✅ Live prices fetched for 8 instruments
2026-03-08 17:48:20: ✅ Live prices fetched for 8 instruments
2026-03-08 17:48:23: ✅ Fetched 34 relevant articles
2026-03-08 17:48:30: ✅ Live prices fetched for 8 instruments
2026-03-08 17:48:40: ✅ Live prices fetched for 8 instruments
2026-03-08 17:48:50: ✅ Live prices fetched for 8 instruments
2026-03-08 17:48:56: ✅ Fetched 34 relevant articles
2026-03-08 17:49:00: ✅ Live prices fetched for 8 instruments
2026-03-08 17:49:10: ✅ Live prices fetched for 8 instruments
2026-03-08 17:49:22: ✅ Live prices fetched for 8 instruments
2026-03-08 17:49:37: ✅ Trade Journal DB initialized at D:\US DATA\journal.db
2026-03-08 17:49:37: ✅ Serving built React frontend from client/dist
2026-03-08 17:49:37: 🚀 Server running on port 5000
2026-03-08 17:49:37: 📊 Financial News Dashboard API
2026-03-08 17:49:37: 🔑 Polygon API Key: Yes
2026-03-08 17:49:37: 📡 Market WS client connected (total: 1)
2026-03-08 17:49:38: 📊 Seeding Finnhub prices via REST…
2026-03-08 17:49:40: ✅ Live prices fetched for 8 instruments
2026-03-08 17:49:42: ✅ REST seed: 14 symbols loaded
2026-03-08 17:49:42: 🔌 Connecting to Finnhub WebSocket…
2026-03-08 17:49:42: 📈 Finnhub live market data service started
2026-03-08 17:49:43: ✅ Finnhub WS connected
2026-03-08 17:49:50: ✅ Live prices fetched for 8 instruments
2026-03-08 17:49:54: 🔑 API Key Manager initialized with 2 keys
2026-03-08 17:49:56: ✅ Fetched 34 relevant articles
2026-03-08 17:50:00: ✅ Live prices fetched for 8 instruments
2026-03-08 17:50:09: 📡 Market WS client disconnected (total: 0)
2026-03-08 17:50:09: 📡 Market WS client connected (total: 1)
2026-03-08 17:50:10: ✅ Live prices fetched for 8 instruments
2026-03-08 17:50:10: ✅ Yahoo Finance: 61 points for DX-Y.NYB (3mo)
2026-03-08 17:50:10: ✅ Yahoo Finance: 61 points for ^VIX (3mo)
2026-03-08 17:50:11: ✅ Fetched 61 gold price points (Polygon)
2026-03-08 17:50:11: ✅ Yahoo Finance: 91 points for BTC-USD (3mo)
2026-03-08 17:50:11: ✅ Yahoo Finance: 61 points for CL=F (3mo)
2026-03-08 17:50:11: ✅ Yahoo Finance: 61 points for TLT (3mo)
2026-03-08 17:50:11: ✅ Yahoo Finance: 61 points for SPY (3mo)
2026-03-08 17:50:11: ✅ Live prices fetched for 8 instruments
2026-03-08 17:50:12: 📦 Returning cached news
2026-03-08 17:50:30: ✅ Live prices fetched for 8 instruments
2026-03-08 17:50:40: ✅ Live prices fetched for 8 instruments
2026-03-08 17:50:43: ✅ Fetched 34 relevant articles
2026-03-08 17:51:00: ✅ Live prices fetched for 8 instruments
2026-03-08 17:51:10: ✅ Live prices fetched for 8 instruments
2026-03-08 17:51:12: 📦 Returning cached news
2026-03-08 17:51:20: ✅ Live prices fetched for 8 instruments
2026-03-08 17:51:30: ✅ Live prices fetched for 8 instruments
2026-03-08 17:51:40: ✅ Live prices fetched for 8 instruments
2026-03-08 17:51:45: ✅ Fetched 34 relevant articles
2026-03-08 17:51:50: ✅ Live prices fetched for 8 instruments
2026-03-08 17:52:00: ✅ Live prices fetched for 8 instruments
2026-03-08 17:52:12: 📦 Returning cached news
2026-03-08 17:52:20: ✅ Live prices fetched for 8 instruments
2026-03-08 17:52:30: ✅ Live prices fetched for 8 instruments
2026-03-08 17:52:40: ✅ Live prices fetched for 8 instruments
2026-03-08 17:52:44: ✅ Fetched 34 relevant articles
2026-03-08 17:52:50: ✅ Live prices fetched for 8 instruments
2026-03-08 17:53:04: ✅ Live prices fetched for 8 instruments
2026-03-08 17:53:12: 📦 Returning cached news
2026-03-08 17:53:21: ✅ Live prices fetched for 8 instruments
2026-03-08 17:53:46: ✅ Trade Journal DB initialized at D:\US DATA\journal.db
2026-03-08 17:53:46: ✅ Serving built React frontend from client/dist
2026-03-08 17:53:46: 🚀 Server running on port 5000
2026-03-08 17:53:46: 📊 Financial News Dashboard API
2026-03-08 17:53:46: 🔑 Polygon API Key: Yes
2026-03-08 17:53:46: 📡 Market WS client connected (total: 1)
2026-03-08 17:53:47: 📊 Seeding Finnhub prices via REST…
2026-03-08 17:53:50: ✅ Live prices fetched for 8 instruments
2026-03-08 17:53:51: ✅ REST seed: 14 symbols loaded
2026-03-08 17:53:51: 🔌 Connecting to Finnhub WebSocket…
2026-03-08 17:53:51: 📈 Finnhub live market data service started
2026-03-08 17:53:52: ✅ Finnhub WS connected
2026-03-08 17:54:00: ✅ Live prices fetched for 8 instruments
2026-03-08 17:54:00: 📡 Market WS client disconnected (total: 0)
2026-03-08 17:54:01: 📡 Market WS client connected (total: 1)
2026-03-08 17:54:01: 🔑 API Key Manager initialized with 2 keys
2026-03-08 17:54:01: ✅ Yahoo Finance: 61 points for DX-Y.NYB (3mo)
2026-03-08 17:54:01: ✅ Yahoo Finance: 61 points for CL=F (3mo)
2026-03-08 17:54:01: ✅ Yahoo Finance: 61 points for ^VIX (3mo)
2026-03-08 17:54:01: ✅ Yahoo Finance: 91 points for BTC-USD (3mo)
2026-03-08 17:54:02: ✅ Fetched 61 gold price points (Polygon)
2026-03-08 17:54:02: ✅ Yahoo Finance: 61 points for SPY (3mo)
2026-03-08 17:54:02: ✅ Yahoo Finance: 61 points for TLT (3mo)
2026-03-08 17:54:04: ✅ Fetched 34 relevant articles
2026-03-08 17:54:10: ✅ Live prices fetched for 8 instruments
2026-03-08 17:54:20: ✅ Live prices fetched for 8 instruments
2026-03-08 17:54:30: ✅ Live prices fetched for 8 instruments
2026-03-08 17:54:33: 📦 Returning cached news
2026-03-08 17:54:50: ✅ Live prices fetched for 8 instruments
2026-03-08 17:55:00: ✅ Live prices fetched for 8 instruments
2026-03-08 17:55:09: ✅ Live prices fetched for 8 instruments
2026-03-08 17:55:20: ✅ Live prices fetched for 8 instruments
2026-03-08 17:55:30: ✅ Live prices fetched for 8 instruments
2026-03-08 17:55:40: ✅ Live prices fetched for 8 instruments
2026-03-08 17:55:50: ✅ Live prices fetched for 8 instruments
2026-03-08 17:56:00: ✅ Live prices fetched for 8 instruments
2026-03-08 17:56:10: ✅ Live prices fetched for 8 instruments
2026-03-08 17:56:20: ✅ Live prices fetched for 8 instruments
2026-03-08 17:56:30: ✅ Live prices fetched for 8 instruments
2026-03-08 17:56:40: ✅ Live prices fetched for 8 instruments
2026-03-08 17:56:50: ✅ Live prices fetched for 8 instruments
2026-03-08 17:57:01: ✅ Live prices fetched for 8 instruments
2026-03-08 17:57:20: ✅ Live prices fetched for 8 instruments
2026-03-08 17:57:30: ✅ Live prices fetched for 8 instruments
2026-03-08 17:57:41: ✅ Live prices fetched for 8 instruments
2026-03-08 17:58:00: ✅ Live prices fetched for 8 instruments
2026-03-08 17:58:10: ✅ Live prices fetched for 8 instruments
2026-03-08 17:58:20: ✅ Live prices fetched for 8 instruments
2026-03-08 17:58:30: ✅ Live prices fetched for 8 instruments
2026-03-08 17:58:40: ✅ Live prices fetched for 8 instruments
2026-03-08 17:58:50: ✅ Live prices fetched for 8 instruments
2026-03-08 17:59:00: ✅ Trade Journal DB initialized at D:\US DATA\journal.db
2026-03-08 17:59:00: ✅ Serving built React frontend from client/dist
2026-03-08 17:59:00: 🚀 Server running on port 5000
2026-03-08 17:59:00: 📊 Financial News Dashboard API
2026-03-08 17:59:00: 🔑 Polygon API Key: Yes
2026-03-08 17:59:01: 📊 Seeding Finnhub prices via REST…
2026-03-08 17:59:02: ✅ Live prices fetched for 8 instruments
2026-03-08 17:59:02: 📡 Market WS client connected (total: 1)
2026-03-08 17:59:05: ✅ REST seed: 14 symbols loaded
2026-03-08 17:59:05: 🔌 Connecting to Finnhub WebSocket…
2026-03-08 17:59:05: 📈 Finnhub live market data service started
2026-03-08 17:59:06: ✅ Finnhub WS connected
2026-03-08 17:59:20: ✅ Live prices fetched for 8 instruments
2026-03-08 17:59:30: ✅ Live prices fetched for 8 instruments
2026-03-08 17:59:40: ✅ Live prices fetched for 8 instruments
2026-03-08 17:59:43: 📡 Market WS client disconnected (total: 0)
2026-03-08 17:59:43: 📡 Market WS client connected (total: 1)
2026-03-08 17:59:43: 🔑 API Key Manager initialized with 2 keys
2026-03-08 17:59:43: ✅ Yahoo Finance: 61 points for DX-Y.NYB (3mo)
2026-03-08 17:59:43: ✅ Yahoo Finance: 61 points for ^VIX (3mo)
2026-03-08 17:59:43: ✅ Yahoo Finance: 61 points for CL=F (3mo)
2026-03-08 17:59:43: ✅ Yahoo Finance: 91 points for BTC-USD (3mo)
2026-03-08 17:59:44: ✅ Fetched 61 gold price points (Polygon)
2026-03-08 17:59:45: ✅ Yahoo Finance: 61 points for SPY (3mo)
2026-03-08 17:59:45: ✅ Yahoo Finance: 61 points for TLT (3mo)
2026-03-08 17:59:50: ✅ Live prices fetched for 8 instruments
2026-03-08 18:00:00: ✅ Live prices fetched for 8 instruments
2026-03-08 18:00:10: ✅ Live prices fetched for 8 instruments
2026-03-08 18:00:20: ✅ Live prices fetched for 8 instruments
2026-03-08 18:00:30: ✅ Live prices fetched for 8 instruments
2026-03-08 18:00:40: ✅ Live prices fetched for 8 instruments
2026-03-08 18:00:52: ✅ Live prices fetched for 8 instruments
2026-03-08 18:01:10: ✅ Live prices fetched for 8 instruments
2026-03-08 18:01:20: ✅ Live prices fetched for 8 instruments
2026-03-08 18:01:30: ✅ Live prices fetched for 8 instruments
2026-03-08 18:01:40: ✅ Live prices fetched for 8 instruments
2026-03-08 18:01:50: ✅ Live prices fetched for 8 instruments
2026-03-08 18:02:01: ✅ Live prices fetched for 8 instruments
2026-03-08 18:02:20: ✅ Live prices fetched for 8 instruments
2026-03-08 18:02:32: ✅ Live prices fetched for 8 instruments
2026-03-08 18:02:50: ✅ Live prices fetched for 8 instruments
2026-03-08 18:03:00: ✅ Live prices fetched for 8 instruments
2026-03-08 18:03:10: ✅ Live prices fetched for 8 instruments
2026-03-08 18:03:20: ✅ Live prices fetched for 8 instruments
2026-03-08 18:03:30: ✅ Live prices fetched for 8 instruments
2026-03-08 18:03:40: ✅ Live prices fetched for 8 instruments
2026-03-08 18:03:50: ✅ Live prices fetched for 8 instruments
2026-03-08 18:04:00: ✅ Live prices fetched for 8 instruments
2026-03-08 18:04:10: ✅ Live prices fetched for 8 instruments
2026-03-08 18:04:11: ✅ Trade Journal DB initialized at D:\US DATA\journal.db
2026-03-08 18:04:11: ✅ Serving built React frontend from client/dist
2026-03-08 18:04:11: 🚀 Server running on port 5000
2026-03-08 18:04:11: 📊 Financial News Dashboard API
2026-03-08 18:04:11: 🔑 Polygon API Key: Yes
2026-03-08 18:04:11: 📡 Market WS client connected (total: 1)
2026-03-08 18:04:12: 📊 Seeding Finnhub prices via REST…
2026-03-08 18:04:15: ✅ REST seed: 14 symbols loaded
2026-03-08 18:04:15: 🔌 Connecting to Finnhub WebSocket…
2026-03-08 18:04:15: 📈 Finnhub live market data service started
2026-03-08 18:04:16: ✅ Finnhub WS connected
2026-03-08 18:04:20: ✅ Live prices fetched for 8 instruments
2026-03-08 18:04:30: ✅ Live prices fetched for 8 instruments
2026-03-08 18:04:36: 📡 Market WS client disconnected (total: 0)
2026-03-08 18:04:36: 📡 Market WS client connected (total: 1)
2026-03-08 18:04:36: 🔑 API Key Manager initialized with 2 keys
2026-03-08 18:04:37: ✅ Fetched 61 gold price points (Polygon)
2026-03-08 18:04:38: ✅ Yahoo Finance: 61 points for DX-Y.NYB (3mo)
2026-03-08 18:04:38: ✅ Yahoo Finance: 61 points for CL=F (3mo)
2026-03-08 18:04:38: ✅ Yahoo Finance: 61 points for ^VIX (3mo)
2026-03-08 18:04:39: ✅ Yahoo Finance: 61 points for TLT (3mo)
2026-03-08 18:04:39: ✅ Yahoo Finance: 91 points for BTC-USD (3mo)
2026-03-08 18:04:39: ✅ Yahoo Finance: 61 points for SPY (3mo)
2026-03-08 18:04:40: ✅ Live prices fetched for 8 instruments
2026-03-08 18:04:50: ✅ Live prices fetched for 8 instruments
2026-03-08 18:05:02: ✅ Live prices fetched for 8 instruments
2026-03-08 18:05:20: ✅ Live prices fetched for 8 instruments
2026-03-08 18:05:30: ✅ Live prices fetched for 8 instruments
2026-03-08 18:05:40: ✅ Live prices fetched for 8 instruments
2026-03-08 18:05:50: ✅ Live prices fetched for 8 instruments
2026-03-08 18:06:00: ✅ Live prices fetched for 8 instruments
2026-03-08 18:06:10: ✅ Live prices fetched for 8 instruments
2026-03-08 18:06:20: ✅ Live prices fetched for 8 instruments
2026-03-08 18:06:30: ✅ Live prices fetched for 8 instruments
2026-03-08 18:06:40: ✅ Live prices fetched for 8 instruments
2026-03-08 18:06:50: ✅ Live prices fetched for 8 instruments
2026-03-08 18:07:00: ✅ Live prices fetched for 8 instruments
2026-03-08 18:07:10: ✅ Live prices fetched for 8 instruments
2026-03-08 18:07:20: ✅ Live prices fetched for 8 instruments
2026-03-08 18:07:30: ✅ Live prices fetched for 8 instruments
2026-03-08 18:07:40: ✅ Live prices fetched for 8 instruments
2026-03-08 18:45:23: ✅ Trade Journal DB initialized at D:\US DATA\journal.db
2026-03-08 18:45:23: ✅ Serving built React frontend from client/dist
2026-03-08 18:45:23: 🚀 Server running on port 5000
2026-03-08 18:45:23: 📊 Financial News Dashboard API
2026-03-08 18:45:23: 🔑 Polygon API Key: Yes
2026-03-08 18:45:24: 📊 Seeding Finnhub prices via REST…
2026-03-08 18:45:27: ✅ REST seed: 14 symbols loaded
2026-03-08 18:45:27: 🔌 Connecting to Finnhub WebSocket…
2026-03-08 18:45:27: 📈 Finnhub live market data service started
2026-03-08 18:45:28: ✅ Finnhub WS connected
2026-03-08 18:48:16: 📡 Market WS client connected (total: 1)
2026-03-08 18:48:16: 🔑 API Key Manager initialized with 2 keys
2026-03-08 18:48:17: ✅ Fetched 61 gold price points (Polygon)
2026-03-08 18:48:17: ✅ Yahoo Finance: 61 points for CL=F (3mo)
2026-03-08 18:48:17: ✅ Yahoo Finance: 61 points for ^VIX (3mo)
2026-03-08 18:48:17: ✅ Yahoo Finance: 91 points for BTC-USD (3mo)
2026-03-08 18:48:17: ✅ Yahoo Finance: 61 points for DX-Y.NYB (3mo)
2026-03-08 18:48:18: ✅ Live prices fetched for 8 instruments
2026-03-08 18:48:18: ✅ Yahoo Finance: 61 points for TLT (3mo)
2026-03-08 18:48:19: ✅ Yahoo Finance: 61 points for SPY (3mo)
2026-03-08 18:48:47: ✅ Live prices fetched for 8 instruments
2026-03-08 18:51:44: 📡 Market WS client disconnected (total: 0)
2026-03-08 18:51:44: 📡 Market WS client connected (total: 1)
2026-03-08 18:51:44: 📦 Returning cached gold data
2026-03-08 18:51:46: ✅ Live prices fetched for 8 instruments
2026-03-08 18:53:10: 📡 Market WS client disconnected (total: 0)
2026-03-08 18:53:10: 📡 Market WS client connected (total: 1)
2026-03-08 18:53:10: 📦 Returning cached gold data
2026-03-08 18:53:20: ✅ Live prices fetched for 8 instruments
2026-03-08 18:55:38: 📡 Market WS client disconnected (total: 0)
2026-03-08 18:55:39: 📡 Market WS client connected (total: 1)
2026-03-08 18:55:40: ✅ Fetched 61 gold price points (Polygon)
2026-03-08 18:55:40: ✅ Yahoo Finance: 61 points for DX-Y.NYB (3mo)
2026-03-08 18:55:40: ✅ Yahoo Finance: 61 points for CL=F (3mo)
2026-03-08 18:55:40: ✅ Live prices fetched for 8 instruments
2026-03-08 18:55:40: ✅ Yahoo Finance: 91 points for BTC-USD (3mo)
2026-03-08 18:55:41: ✅ Yahoo Finance: 61 points for ^VIX (3mo)
2026-03-08 18:55:41: ✅ Yahoo Finance: 61 points for TLT (3mo)
2026-03-08 18:55:41: ✅ Yahoo Finance: 61 points for SPY (3mo)
2026-03-08 18:57:17: 📡 Market WS client disconnected (total: 0)
2026-03-08 18:57:17: 📡 Market WS client connected (total: 1)
2026-03-08 18:57:17: 📦 Returning cached gold data
2026-03-08 18:57:19: ✅ Live prices fetched for 8 instruments
2026-03-08 18:58:45: 📡 Market WS client disconnected (total: 0)
2026-03-08 18:58:45: 📡 Market WS client connected (total: 1)
2026-03-08 18:58:45: 📦 Returning cached gold data
2026-03-08 18:58:47: ✅ Live prices fetched for 8 instruments
2026-03-08 19:01:19: 📡 Market WS client disconnected (total: 0)
2026-03-09 04:35:05: ✅ Trade Journal DB initialized at D:\US DATA\journal.db
2026-03-09 04:35:05: ✅ Serving built React frontend from client/dist
2026-03-09 04:35:05: 🚀 Server running on port 5000
2026-03-09 04:35:05: 📊 Financial News Dashboard API
2026-03-09 04:35:05: 🔑 Polygon API Key: Yes
2026-03-09 04:35:06: 📊 Seeding Finnhub prices via REST…
2026-03-09 04:35:09: ✅ REST seed: 14 symbols loaded
2026-03-09 04:35:09: 🔌 Connecting to Finnhub WebSocket…
2026-03-09 04:35:09: 📈 Finnhub live market data service started
2026-03-09 04:35:10: ✅ Finnhub WS connected
2026-03-09 04:39:54: ✅ Trade Journal DB initialized at D:\US DATA\journal.db
2026-03-09 04:39:54: ✅ Serving built React frontend from client/dist
2026-03-09 04:39:54: 🚀 Server running on port 5000
2026-03-09 04:39:54: 📊 Financial News Dashboard API
2026-03-09 04:39:54: 🔑 Polygon API Key: Yes
2026-03-09 04:39:55: 📊 Seeding Finnhub prices via REST…
2026-03-09 04:39:58: ✅ REST seed: 14 symbols loaded
2026-03-09 04:39:58: 🔌 Connecting to Finnhub WebSocket…
2026-03-09 04:39:58: 📈 Finnhub live market data service started
2026-03-09 04:39:59: ✅ Finnhub WS connected
2026-03-11 04:26:41: ✅ Trade Journal DB initialized at D:\US DATA\journal.db
2026-03-11 04:26:41: ✅ Serving built React frontend from client/dist
2026-03-11 04:26:41: 🚀 Server running on port 5000
2026-03-11 04:26:41: 📊 Financial News Dashboard API
2026-03-11 04:26:41: 🔑 Polygon API Key: Yes
2026-03-11 04:26:42: 📊 Seeding Finnhub prices via REST…
2026-03-11 04:26:45: ✅ REST seed: 14 symbols loaded
2026-03-11 04:26:45: 🔌 Connecting to Finnhub WebSocket…
2026-03-11 04:26:45: 📈 Finnhub live market data service started
2026-03-11 04:26:46: ✅ Finnhub WS connected
2026-03-11 14:30:11: ✅ Trade Journal DB initialized at D:\US DATA\journal.db
2026-03-11 14:30:11: ✅ Serving built React frontend from client/dist
2026-03-11 14:30:11: 🚀 Server running on port 5000
2026-03-11 14:30:11: 📊 Financial News Dashboard API
2026-03-11 14:30:11: 🔑 Polygon API Key: Yes
2026-03-11 14:30:12: 📊 Seeding Finnhub prices via REST…
2026-03-11 14:30:16: ✅ REST seed: 14 symbols loaded
2026-03-11 14:30:16: 🔌 Connecting to Finnhub WebSocket…
2026-03-11 14:30:16: 📈 Finnhub live market data service started
2026-03-11 14:30:17: ✅ Finnhub WS connected
